PRE_POST;Station;Species;DateTimeOriginal;Date;Time;n_images;metadata_Grupo
PRE;E01;Gato;30/08/2018 11:22;30/08/2018;11:22:01 a. m.;3;NA
PRE;E01;Gato;31/08/2018 11:57;31/08/2018;11:57:07 a. m.;3;NA
PRE;E01;Gato;01/09/2018 9:14;01/09/2018;9:14:31 a. m.;3;NA
PRE;E02;Gato;14/08/2018 21:29;14/08/2018;9:29:59 p. m.;6;NA
PRE;E03;Gato;20/08/2018 20:24;20/08/2018;8:24:16 p. m.;3;NA
PRE;E03;Gato;20/08/2018 21:20;20/08/2018;9:20:53 p. m.;3;NA
PRE;E03;Gato;21/08/2018 1:07;21/08/2018;1:07:56 a. m.;3;NA
PRE;E03;Gato;21/08/2018 2:21;21/08/2018;2:21:03 a. m.;3;NA
PRE;E03;Gato;21/08/2018 3:12;21/08/2018;3:12:44 a. m.;3;NA
PRE;E03;Gato;21/08/2018 3:51;21/08/2018;3:51:50 a. m.;3;NA
PRE;E03;Gato;21/08/2018 4:00;21/08/2018;4:00:21 a. m.;3;NA
PRE;E03;Gato;21/08/2018 10:11;21/08/2018;10:11:56 a. m.;3;NA
PRE;E03;Gato;21/08/2018 14:15;21/08/2018;2:15:01 p. m.;3;NA
PRE;E03;Gato;21/08/2018 14:53;21/08/2018;2:53:58 p. m.;3;NA
PRE;E03;Gato;21/08/2018 14:59;21/08/2018;2:59:03 p. m.;3;NA
PRE;E03;Gato;21/08/2018 20:14;21/08/2018;8:14:52 p. m.;3;NA
PRE;E03;Gato;21/08/2018 20:19;21/08/2018;8:19:13 p. m.;3;NA
PRE;E03;Gato;21/08/2018 20:38;21/08/2018;8:38:40 p. m.;3;NA
PRE;E03;Gato;22/08/2018 2:29;22/08/2018;2:29:54 a. m.;3;NA
PRE;E03;Gato;22/08/2018 3:02;22/08/2018;3:02:51 a. m.;3;NA
PRE;E03;Gato;22/08/2018 3:45;22/08/2018;3:45:49 a. m.;3;NA
PRE;E03;Gato;22/08/2018 9:52;22/08/2018;9:52:19 a. m.;3;NA
PRE;E03;Gato;22/08/2018 12:41;22/08/2018;12:41:06 p. m.;3;NA
PRE;E03;Gato;22/08/2018 13:15;22/08/2018;1:15:23 p. m.;3;NA
PRE;E03;Gato;22/08/2018 18:44;22/08/2018;6:44:03 p. m.;6;NA
PRE;E03;Gato;22/08/2018 18:48;22/08/2018;6:48:10 p. m.;3;NA
PRE;E03;Gato;23/08/2018 3:16;23/08/2018;3:16:42 a. m.;3;NA
PRE;E03;Gato;23/08/2018 4:08;23/08/2018;4:08:05 a. m.;6;NA
PRE;E03;Gato;23/08/2018 9:17;23/08/2018;9:17:41 a. m.;3;NA
PRE;E03;Gato;23/08/2018 14:07;23/08/2018;2:07:38 p. m.;3;NA
PRE;E03;Gato;23/08/2018 14:30;23/08/2018;2:30:45 p. m.;3;NA
PRE;E03;Gato;23/08/2018 15:58;23/08/2018;3:58:35 p. m.;3;NA
PRE;E03;Gato;23/08/2018 16:20;23/08/2018;4:20:34 p. m.;3;NA
PRE;E03;Gato;23/08/2018 18:27;23/08/2018;6:27:49 p. m.;3;NA
PRE;E03;Gato;24/08/2018 2:23;24/08/2018;2:23:13 a. m.;3;NA
PRE;E03;Gato;24/08/2018 6:31;24/08/2018;6:31:03 a. m.;3;NA
PRE;E03;Gato;24/08/2018 7:41;24/08/2018;7:41:25 a. m.;3;NA
PRE;E03;Gato;24/08/2018 7:52;24/08/2018;7:52:50 a. m.;3;NA
PRE;E03;Gato;24/08/2018 10:54;24/08/2018;10:54:20 a. m.;3;NA
PRE;E03;Gato;24/08/2018 11:17;24/08/2018;11:17:50 a. m.;6;NA
PRE;E03;Gato;24/08/2018 12:06;24/08/2018;12:06:32 p. m.;3;NA
PRE;E03;Gato;24/08/2018 13:21;24/08/2018;1:21:16 p. m.;3;NA
PRE;E03;Gato;24/08/2018 13:29;24/08/2018;1:29:46 p. m.;3;NA
PRE;E03;Gato;24/08/2018 21:38;24/08/2018;9:38:15 p. m.;3;NA
PRE;E03;Gato;25/08/2018 6:30;25/08/2018;6:30:33 a. m.;3;NA
PRE;E03;Gato;25/08/2018 9:29;25/08/2018;9:29:21 a. m.;3;NA
PRE;E04;Gato;13/08/2018 18:26;13/08/2018;6:26:17 p. m.;3;NA
PRE;E04;Gato;15/08/2018 15:04;15/08/2018;3:04:58 p. m.;3;NA
PRE;E04;Gato;16/08/2018 9:42;16/08/2018;9:42:14 a. m.;3;NA
PRE;E04;Gato;18/08/2018 6:39;18/08/2018;6:39:16 a. m.;3;NA
PRE;E05;Gato;14/08/2018 7:36;14/08/2018;7:36:47 a. m.;5;NA
PRE;E05;Gato;14/08/2018 11:28;14/08/2018;11:28:15 a. m.;9;NA
PRE;E05;Gato;15/08/2018 16:54;15/08/2018;4:54:48 p. m.;3;NA
PRE;E06;Gato;30/08/2018 23:43;30/08/2018;11:43:06 p. m.;3;NA
PRE;E06;Gato;31/08/2018 6:48;31/08/2018;6:48:37 a. m.;2;NA
PRE;E06;Gato;31/08/2018 8:35;31/08/2018;8:35:55 a. m.;2;NA
PRE;E07;Gato;21/08/2018 18:59;21/08/2018;6:59:50 p. m.;3;NA
PRE;E07;Gato;22/08/2018 22:44;22/08/2018;10:44:45 p. m.;3;NA
PRE;E07;Perro;20/08/2018 23:08;20/08/2018;11:08:49 p. m.;3;2
PRE;E08;Gato;17/08/2018 22:39;17/08/2018;10:39:22 p. m.;3;NA
PRE;E08;Gato;18/08/2018 6:36;18/08/2018;6:36:41 a. m.;3;NA
PRE;E08;Gato;18/08/2018 10:34;18/08/2018;10:34:14 a. m.;3;NA
PRE;E08;Gato;19/08/2018 15:04;19/08/2018;3:04:32 p. m.;3;NA
PRE;E08;Gato;19/08/2018 15:51;19/08/2018;3:51:15 p. m.;3;NA
PRE;E08;Gato;19/08/2018 21:11;19/08/2018;9:11:59 p. m.;3;NA
PRE;E08;Gato;20/08/2018 1:35;20/08/2018;1:35:05 a. m.;3;NA
PRE;E08;Gato;20/08/2018 21:36;20/08/2018;9:36:24 p. m.;3;NA
PRE;E08;Gato;22/08/2018 1:48;22/08/2018;1:48:18 a. m.;3;NA
PRE;E08;Gato;22/08/2018 2:40;22/08/2018;2:40:30 a. m.;3;NA
PRE;E08;Gato;22/08/2018 3:48;22/08/2018;3:48:32 a. m.;3;NA
PRE;E08;Persona;17/08/2018 21:01;17/08/2018;9:01:01 p. m.;3;NA
PRE;E08;Persona;18/08/2018 18:33;18/08/2018;6:33:08 p. m.;2;NA
PRE;E08;Persona;18/08/2018 19:19;18/08/2018;7:19:56 p. m.;3;NA
PRE;E08;Persona;19/08/2018 0:01;19/08/2018;12:01:37 a. m.;3;NA
PRE;E08;Persona;19/08/2018 23:16;19/08/2018;11:16:17 p. m.;3;NA
PRE;E08;Persona;21/08/2018 14:06;21/08/2018;2:06:48 p. m.;3;NA
PRE;E08;Persona;21/08/2018 18:20;21/08/2018;6:20:40 p. m.;3;NA
PRE;E09;Gato;14/08/2018 13:57;14/08/2018;1:57:53 p. m.;3;NA
PRE;E09;Gato;14/08/2018 16:53;14/08/2018;4:53:32 p. m.;3;NA
PRE;E10;Gato;30/08/2018 8:11;30/08/2018;8:11:40 a. m.;6;NA
PRE;E10;Gato;30/08/2018 8:14;30/08/2018;8:14:34 a. m.;3;NA
PRE;E11;Gato;27/08/2018 18:28;27/08/2018;6:28:22 p. m.;2;NA
PRE;E11;Gato;28/08/2018 0:13;28/08/2018;12:13:07 a. m.;2;NA
PRE;E11;Gato;28/08/2018 5:49;28/08/2018;5:49:24 a. m.;2;NA
PRE;E11;Gato;28/08/2018 10:03;28/08/2018;10:03:24 a. m.;2;NA
PRE;E11;Gato;28/08/2018 15:52;28/08/2018;3:52:57 p. m.;5;NA
PRE;E11;Gato;28/08/2018 19:55;28/08/2018;7:55:35 p. m.;7;NA
PRE;E11;Gato;29/08/2018 2:33;29/08/2018;2:33:49 a. m.;3;NA
PRE;E11;Gato;31/08/2018 13:08;31/08/2018;1:08:37 p. m.;3;NA
PRE;E11;Gato;31/08/2018 15:17;31/08/2018;3:17:21 p. m.;3;NA
PRE;E11;Perro;27/08/2018 18:28;27/08/2018;6:28:03 p. m.;2;NA
PRE;E11;Perro;27/08/2018 18:31;27/08/2018;6:31:52 p. m.;2;NA
PRE;E11;Perro;31/08/2018 14:28;31/08/2018;2:28:30 p. m.;2;NA
PRE;E12;Gato;20/08/2018 14:24;20/08/2018;2:24:34 p. m.;9;NA
PRE;E12;Gato;20/08/2018 15:03;20/08/2018;3:03:53 p. m.;3;NA
PRE;E12;Gato;20/08/2018 17:43;20/08/2018;5:43:41 p. m.;3;NA
PRE;E12;Gato;21/08/2018 9:00;21/08/2018;9:00:04 a. m.;3;NA
PRE;E12;Gato;21/08/2018 10:37;21/08/2018;10:37:25 a. m.;3;NA
PRE;E12;Gato;21/08/2018 11:31;21/08/2018;11:31:48 a. m.;3;NA
PRE;E12;Gato;21/08/2018 12:53;21/08/2018;12:53:44 p. m.;9;NA
PRE;E12;Gato;21/08/2018 14:03;21/08/2018;2:03:14 p. m.;3;NA
PRE;E12;Gato;21/08/2018 14:15;21/08/2018;2:15:22 p. m.;3;NA
PRE;E12;Gato;21/08/2018 15:52;21/08/2018;3:52:14 p. m.;2;NA
PRE;E12;Gato;21/08/2018 16:39;21/08/2018;4:39:14 p. m.;3;NA
PRE;E12;Gato;21/08/2018 17:10;21/08/2018;5:10:11 p. m.;3;NA
PRE;E12;Gato;21/08/2018 18:11;21/08/2018;6:11:48 p. m.;3;NA
PRE;E12;Gato;22/08/2018 10:31;22/08/2018;10:31:58 a. m.;3;NA
PRE;E12;Gato;22/08/2018 13:28;22/08/2018;1:28:48 p. m.;3;NA
PRE;E12;Gato;22/08/2018 15:18;22/08/2018;3:18:26 p. m.;3;NA
PRE;E12;Gato;22/08/2018 15:37;22/08/2018;3:37:30 p. m.;3;NA
PRE;E12;Gato;23/08/2018 0:07;23/08/2018;12:07:55 a. m.;3;NA
PRE;E12;Gato;23/08/2018 8:37;23/08/2018;8:37:26 a. m.;3;NA
PRE;E12;Gato;23/08/2018 12:33;23/08/2018;12:33:54 p. m.;3;NA
PRE;E12;Gato;23/08/2018 17:18;23/08/2018;5:18:50 p. m.;3;NA
PRE;E12;Gato;23/08/2018 17:41;23/08/2018;5:41:22 p. m.;3;NA
PRE;E12;Gato;23/08/2018 18:23;23/08/2018;6:23:27 p. m.;3;NA
PRE;E12;Gato;23/08/2018 19:37;23/08/2018;7:37:55 p. m.;3;NA
PRE;E12;Gato;23/08/2018 19:49;23/08/2018;7:49:08 p. m.;3;NA
PRE;E12;Gato;23/08/2018 23:21;23/08/2018;11:21:00 p. m.;3;NA
PRE;E12;Gato;24/08/2018 1:42;24/08/2018;1:42:57 a. m.;3;NA
PRE;E12;Gato;24/08/2018 13:56;24/08/2018;1:56:33 p. m.;3;NA
PRE;E12;Gato;24/08/2018 19:24;24/08/2018;7:24:20 p. m.;6;NA
PRE;E13;Ave;28/08/2018 9:23;28/08/2018;9:23:11 a. m.;3;NA
PRE;E14;Gato;27/08/2018 14:55;27/08/2018;2:55:37 p. m.;3;NA
PRE;E14;Gato;27/08/2018 15:04;27/08/2018;3:04:06 p. m.;3;NA
PRE;E14;Gato;27/08/2018 17:15;27/08/2018;5:15:05 p. m.;2;NA
PRE;E14;Gato;28/08/2018 0:52;28/08/2018;12:52:23 a. m.;3;NA
PRE;E14;Gato;28/08/2018 8:37;28/08/2018;8:37:08 a. m.;3;NA
PRE;E14;Gato;28/08/2018 9:08;28/08/2018;9:08:14 a. m.;3;2
PRE;E14;Gato;28/08/2018 18:01;28/08/2018;6:01:03 p. m.;3;NA
PRE;E14;Gato;28/08/2018 19:31;28/08/2018;7:31:20 p. m.;3;NA
PRE;E14;Gato;29/08/2018 12:37;29/08/2018;12:37:19 p. m.;3;NA
PRE;E14;Gato;29/08/2018 14:10;29/08/2018;2:10:58 p. m.;3;NA
PRE;E14;Gato;29/08/2018 16:49;29/08/2018;4:49:45 p. m.;3;NA
PRE;E14;Gato;29/08/2018 17:48;29/08/2018;5:48:19 p. m.;3;NA
PRE;E14;Gato;30/08/2018 1:33;30/08/2018;1:33:38 a. m.;3;NA
PRE;E14;Gato;30/08/2018 21:09;30/08/2018;9:09:05 p. m.;3;NA
PRE;E14;Gato;30/08/2018 23:46;30/08/2018;11:46:10 p. m.;3;NA
PRE;E14;Gato;31/08/2018 3:21;31/08/2018;3:21:23 a. m.;3;NA
PRE;E14;Gato;31/08/2018 19:39;31/08/2018;7:39:10 p. m.;3;2
PRE;E14;Gato;01/09/2018 0:15;01/09/2018;12:15:03 a. m.;3;NA
PRE;E14;Gato;01/09/2018 0:53;01/09/2018;12:53:40 a. m.;3;NA
PRE;E15;Gato;21/08/2018 19:53;21/08/2018;7:53:12 p. m.;2;NA
PRE;E15;Gato;24/08/2018 0:04;24/08/2018;12:04:58 a. m.;3;NA
PRE;E15;Gato;24/08/2018 23:06;24/08/2018;11:06:40 p. m.;2;NA
PRE;E16;Ave;13/08/2018 15:28;13/08/2018;3:28:47 p. m.;2;NA
PRE;E17;Coipo;25/08/2018 3:48;25/08/2018;3:48:09 a. m.;2;NA
PRE;E18;Ave;18/08/2018 7:26;18/08/2018;7:26:11 a. m.;3;NA
PRE;E19;Ave;25/08/2018 7:20;25/08/2018;7:20:02 a. m.;3;NA
PRE;E20;Gato;29/08/2018 0:59;29/08/2018;12:59:32 a. m.;3;NA
PRE;E21;Gato;18/08/2018 3:07;18/08/2018;3:07:27 a. m.;3;NA
PRE;E22;Carpincho;25/08/2018 6:25;25/08/2018;6:25:46 a. m.;3;2
PRE;E22;Gato;21/08/2018 13:21;21/08/2018;1:21:19 p. m.;3;NA
PRE;E23;Gato;22/08/2018 16:59;22/08/2018;4:59:30 p. m.;3;NA
PRE;E23;Gato;22/08/2018 21:59;22/08/2018;9:59:09 p. m.;3;NA
PRE;E23;Gato;24/08/2018 7:52;24/08/2018;7:52:57 a. m.;2;NA
PRE;E24;Ave;14/08/2018 14:01;14/08/2018;2:01:09 p. m.;3;NA
PRE;E24;Persona;15/08/2018 15:55;15/08/2018;3:55:48 p. m.;2;NA
PRE;E25;Carpincho;30/08/2018 18:58;30/08/2018;6:58:40 p. m.;12;2
PRE;E25;Carpincho;30/08/2018 19:02;30/08/2018;7:02:39 p. m.;3;2
PRE;E26;Ave;13/08/2018 18:18;13/08/2018;6:18:27 p. m.;2;NA
PRE;E27;Carpincho;25/08/2018 3:17;25/08/2018;3:17:10 a. m.;9;NA
PRE;E27;Gato;24/08/2018 9:40;24/08/2018;9:40:14 a. m.;3;NA
PRE;E27;Gato;24/08/2018 23:35;24/08/2018;11:35:14 p. m.;3;NA
PRE;E28;Ave;13/08/2018 11:30;13/08/2018;11:30:22 a. m.;3;NA
PRE;E28;Carpincho;14/08/2018 19:57;14/08/2018;7:57:41 p. m.;3;NA
PRE;E29;Ave;27/08/2018 10:25;27/08/2018;10:25:10 a. m.;3;NA
PRE;E29;Colilargo;29/08/2018 22:14;29/08/2018;10:14:04 p. m.;3;NA
PRE;E30;Gato;23/08/2018 14:49;23/08/2018;2:49:38 p. m.;3;NA
PRE;E31;Ave;05/09/2018 17:28;05/09/2018;5:28:30 p. m.;3;NA
PRE;E31;Colilargo;04/09/2018 0:55;04/09/2018;12:55:46 a. m.;2;NA
PRE;E31;Colilargo;05/09/2018 1:26;05/09/2018;1:26:56 a. m.;6;NA
PRE;E31;Colilargo;06/09/2018 22:35;06/09/2018;10:35:48 p. m.;3;NA
PRE;E31;Colilargo;06/09/2018 22:48;06/09/2018;10:48:59 p. m.;3;NA
PRE;E31;Colilargo;07/09/2018 3:53;07/09/2018;3:53:01 a. m.;3;NA
PRE;E31;Colilargo;07/09/2018 4:06;07/09/2018;4:06:50 a. m.;3;NA
PRE;E31;Colilargo;07/09/2018 21:03;07/09/2018;9:03:17 p. m.;3;NA
PRE;E32;Gato;03/09/2018 13:14;03/09/2018;1:14:37 p. m.;3;NA
PRE;E32;Gato;04/09/2018 14:31;04/09/2018;2:31:09 p. m.;3;NA
PRE;E32;Gato;05/09/2018 12:11;05/09/2018;12:11:27 p. m.;3;NA
PRE;E33;Gato;03/09/2018 11:36;03/09/2018;11:36:20 a. m.;3;NA
PRE;E33;Gato;03/09/2018 11:44;03/09/2018;11:44:04 a. m.;6;NA
PRE;E33;Gato;03/09/2018 11:53;03/09/2018;11:53:58 a. m.;6;NA
PRE;E33;Gato;03/09/2018 12:04;03/09/2018;12:04:33 p. m.;3;NA
PRE;E33;Gato;03/09/2018 12:09;03/09/2018;12:09:22 p. m.;6;NA
PRE;E33;Gato;03/09/2018 12:30;03/09/2018;12:30:31 p. m.;3;NA
PRE;E33;Gato;03/09/2018 12:40;03/09/2018;12:40:54 p. m.;3;NA
PRE;E33;Gato;03/09/2018 13:16;03/09/2018;1:16:35 p. m.;6;NA
PRE;E33;Gato;03/09/2018 13:47;03/09/2018;1:47:29 p. m.;3;NA
PRE;E33;Gato;03/09/2018 14:25;03/09/2018;2:25:05 p. m.;3;NA
PRE;E33;Gato;03/09/2018 15:28;03/09/2018;3:28:51 p. m.;3;2
PRE;E33;Gato;03/09/2018 15:50;03/09/2018;3:50:29 p. m.;2;2
PRE;E33;Gato;03/09/2018 17:38;03/09/2018;5:38:21 p. m.;3;NA
PRE;E33;Gato;03/09/2018 18:15;03/09/2018;6:15:04 p. m.;2;2
PRE;E33;Gato;03/09/2018 18:24;03/09/2018;6:24:51 p. m.;9;2
PRE;E33;Gato;03/09/2018 18:37;03/09/2018;6:37:20 p. m.;3;NA
PRE;E33;Gato;03/09/2018 18:44;03/09/2018;6:44:17 p. m.;3;2
PRE;E33;Gato;03/09/2018 18:47;03/09/2018;6:47:57 p. m.;3;NA
PRE;E33;Gato;03/09/2018 18:55;03/09/2018;6:55:55 p. m.;3;NA
PRE;E33;Gato;03/09/2018 19:09;03/09/2018;7:09:25 p. m.;3;2
PRE;E33;Gato;03/09/2018 19:11;03/09/2018;7:11:45 p. m.;6;2
PRE;E33;Gato;03/09/2018 19:44;03/09/2018;7:44:07 p. m.;3;NA
PRE;E33;Gato;03/09/2018 22:49;03/09/2018;10:49:34 p. m.;6;NA
PRE;E33;Gato;03/09/2018 23:14;03/09/2018;11:14:34 p. m.;2;NA
PRE;E33;Gato;04/09/2018 10:03;04/09/2018;10:03:32 a. m.;3;NA
PRE;E33;Gato;04/09/2018 10:06;04/09/2018;10:06:53 a. m.;3;NA
PRE;E33;Gato;04/09/2018 10:10;04/09/2018;10:10:12 a. m.;6;NA
PRE;E33;Gato;04/09/2018 10:21;04/09/2018;10:21:27 a. m.;3;NA
PRE;E33;Gato;04/09/2018 10:23;04/09/2018;10:23:29 a. m.;3;NA
PRE;E33;Gato;04/09/2018 10:35;04/09/2018;10:35:01 a. m.;5;NA
PRE;E33;Gato;04/09/2018 10:38;04/09/2018;10:38:13 a. m.;3;NA
PRE;E33;Gato;04/09/2018 10:44;04/09/2018;10:44:36 a. m.;3;NA
PRE;E33;Gato;04/09/2018 10:47;04/09/2018;10:47:44 a. m.;12;NA
PRE;E33;Gato;04/09/2018 11:01;04/09/2018;11:01:59 a. m.;3;NA
PRE;E33;Gato;04/09/2018 11:10;04/09/2018;11:10:58 a. m.;3;NA
PRE;E33;Gato;04/09/2018 11:17;04/09/2018;11:17:43 a. m.;3;3
PRE;E33;Gato;04/09/2018 11:57;04/09/2018;11:57:25 a. m.;3;NA
PRE;E33;Gato;04/09/2018 13:36;04/09/2018;1:36:44 p. m.;3;3
PRE;E33;Gato;04/09/2018 13:45;04/09/2018;1:45:57 p. m.;3;NA
PRE;E33;Gato;04/09/2018 14:36;04/09/2018;2:36:03 p. m.;9;NA
PRE;E33;Gato;04/09/2018 14:48;04/09/2018;2:48:46 p. m.;3;NA
PRE;E33;Gato;04/09/2018 15:12;04/09/2018;3:12:36 p. m.;6;NA
PRE;E33;Gato;04/09/2018 17:07;04/09/2018;5:07:53 p. m.;2;NA
PRE;E33;Gato;04/09/2018 17:13;04/09/2018;5:13:22 p. m.;3;2
PRE;E33;Gato;04/09/2018 17:28;04/09/2018;5:28:17 p. m.;2;NA
PRE;E33;Gato;04/09/2018 17:41;04/09/2018;5:41:47 p. m.;3;NA
PRE;E33;Gato;04/09/2018 17:51;04/09/2018;5:51:59 p. m.;3;NA
PRE;E33;Gato;04/09/2018 18:03;04/09/2018;6:03:10 p. m.;12;NA
PRE;E33;Gato;04/09/2018 18:08;04/09/2018;6:08:33 p. m.;3;2
PRE;E33;Gato;04/09/2018 19:48;04/09/2018;7:48:12 p. m.;3;NA
PRE;E33;Gato;04/09/2018 22:16;04/09/2018;10:16:22 p. m.;3;NA
PRE;E33;Gato;04/09/2018 23:00;04/09/2018;11:00:14 p. m.;3;NA
PRE;E33;Gato;05/09/2018 7:20;05/09/2018;7:20:44 a. m.;6;NA
PRE;E33;Gato;05/09/2018 9:41;05/09/2018;9:41:41 a. m.;3;NA
PRE;E33;Gato;05/09/2018 10:38;05/09/2018;10:38:06 a. m.;3;NA
PRE;E33;Gato;05/09/2018 10:55;05/09/2018;10:55:24 a. m.;3;NA
PRE;E33;Gato;05/09/2018 10:58;05/09/2018;10:58:10 a. m.;3;NA
PRE;E33;Gato;05/09/2018 11:03;05/09/2018;11:03:19 a. m.;3;NA
PRE;E33;Gato;05/09/2018 11:16;05/09/2018;11:16:03 a. m.;3;NA
PRE;E33;Gato;05/09/2018 11:55;05/09/2018;11:55:07 a. m.;3;NA
PRE;E33;Gato;05/09/2018 13:57;05/09/2018;1:57:02 p. m.;3;2
PRE;E33;Gato;05/09/2018 14:10;05/09/2018;2:10:18 p. m.;3;NA
PRE;E33;Gato;05/09/2018 14:25;05/09/2018;2:25:15 p. m.;3;NA
PRE;E33;Gato;05/09/2018 14:30;05/09/2018;2:30:08 p. m.;6;2
PRE;E33;Gato;05/09/2018 17:04;05/09/2018;5:04:13 p. m.;3;NA
PRE;E33;Gato;05/09/2018 17:54;05/09/2018;5:54:54 p. m.;3;3
PRE;E33;Gato;05/09/2018 17:56;05/09/2018;5:56:56 p. m.;3;NA
PRE;E33;Gato;05/09/2018 18:05;05/09/2018;6:05:52 p. m.;9;3
PRE;E33;Gato;06/09/2018 9:23;06/09/2018;9:23:00 a. m.;3;NA
PRE;E33;Gato;06/09/2018 10:05;06/09/2018;10:05:45 a. m.;3;NA
PRE;E33;Gato;06/09/2018 10:13;06/09/2018;10:13:59 a. m.;5;NA
PRE;E33;Gato;06/09/2018 10:30;06/09/2018;10:30:13 a. m.;9;NA
PRE;E33;Gato;06/09/2018 10:35;06/09/2018;10:35:43 a. m.;3;NA
PRE;E33;Gato;06/09/2018 10:39;06/09/2018;10:39:29 a. m.;6;2
PRE;E33;Gato;06/09/2018 10:49;06/09/2018;10:49:56 a. m.;3;NA
PRE;E33;Gato;06/09/2018 10:54;06/09/2018;10:54:32 a. m.;9;2
PRE;E33;Gato;06/09/2018 11:08;06/09/2018;11:08:49 a. m.;9;NA
PRE;E33;Gato;06/09/2018 11:14;06/09/2018;11:14:49 a. m.;3;NA
PRE;E33;Gato;06/09/2018 11:17;06/09/2018;11:17:23 a. m.;8;NA
PRE;E33;Gato;06/09/2018 11:29;06/09/2018;11:29:23 a. m.;3;NA
PRE;E33;Gato;06/09/2018 11:34;06/09/2018;11:34:23 a. m.;3;NA
PRE;E33;Gato;06/09/2018 13:29;06/09/2018;1:29:32 p. m.;3;NA
PRE;E33;Gato;06/09/2018 14:08;06/09/2018;2:08:10 p. m.;3;NA
PRE;E33;Gato;06/09/2018 14:52;06/09/2018;2:52:23 p. m.;3;NA
PRE;E33;Gato;06/09/2018 14:55;06/09/2018;2:55:18 p. m.;3;NA
PRE;E33;Gato;06/09/2018 14:57;06/09/2018;2:57:26 p. m.;3;NA
PRE;E33;Gato;06/09/2018 15:27;06/09/2018;3:27:57 p. m.;3;NA
PRE;E33;Gato;06/09/2018 16:28;06/09/2018;4:28:08 p. m.;9;NA
PRE;E33;Gato;06/09/2018 16:38;06/09/2018;4:38:26 p. m.;3;NA
PRE;E33;Gato;06/09/2018 18:45;06/09/2018;6:45:48 p. m.;3;6
PRE;E33;Gato;07/09/2018 7:48;07/09/2018;7:48:35 a. m.;3;NA
PRE;E33;Gato;07/09/2018 7:52;07/09/2018;7:52:03 a. m.;9;NA
PRE;E33;Gato;07/09/2018 10:01;07/09/2018;10:01:21 a. m.;3;NA
PRE;E33;Gato;07/09/2018 10:23;07/09/2018;10:23:53 a. m.;3;NA
PRE;E33;Gato;07/09/2018 10:48;07/09/2018;10:48:55 a. m.;3;NA
PRE;E33;Gato;07/09/2018 12:11;07/09/2018;12:11:23 p. m.;3;NA
PRE;E33;Gato;07/09/2018 12:29;07/09/2018;12:29:42 p. m.;3;NA
PRE;E33;Gato;07/09/2018 12:46;07/09/2018;12:46:23 p. m.;3;NA
PRE;E33;Gato;07/09/2018 19:08;07/09/2018;7:08:41 p. m.;12;NA
PRE;E33;Gato;08/09/2018 5:19;08/09/2018;5:19:03 a. m.;3;NA
PRE;E33;Gato;08/09/2018 8:35;08/09/2018;8:35:34 a. m.;3;NA
PRE;E33;Gato;08/09/2018 8:55;08/09/2018;8:55:22 a. m.;3;NA
PRE;E33;Perro;05/09/2018 12:43;05/09/2018;12:43:22 p. m.;3;NA
PRE;E34;Gato;03/09/2018 11:04;03/09/2018;11:04:20 a. m.;3;NA
PRE;E34;Gato;03/09/2018 11:15;03/09/2018;11:15:37 a. m.;3;NA
PRE;E34;Gato;03/09/2018 12:27;03/09/2018;12:27:04 p. m.;3;NA
PRE;E34;Gato;03/09/2018 15:40;03/09/2018;3:40:07 p. m.;3;NA
PRE;E34;Gato;03/09/2018 15:45;03/09/2018;3:45:11 p. m.;2;NA
PRE;E34;Gato;03/09/2018 16:08;03/09/2018;4:08:36 p. m.;3;2
PRE;E34;Gato;03/09/2018 16:52;03/09/2018;4:52:31 p. m.;3;NA
PRE;E34;Gato;03/09/2018 17:52;03/09/2018;5:52:26 p. m.;3;NA
PRE;E34;Gato;03/09/2018 19:15;03/09/2018;7:15:16 p. m.;3;NA
PRE;E34;Gato;04/09/2018 6:36;04/09/2018;6:36:00 a. m.;3;NA
PRE;E34;Gato;04/09/2018 9:32;04/09/2018;9:32:50 a. m.;3;NA
PRE;E34;Gato;04/09/2018 13:21;04/09/2018;1:21:38 p. m.;3;NA
PRE;E34;Gato;04/09/2018 13:34;04/09/2018;1:34:26 p. m.;3;NA
PRE;E34;Gato;04/09/2018 13:50;04/09/2018;1:50:15 p. m.;3;NA
PRE;E34;Gato;04/09/2018 14:47;04/09/2018;2:47:34 p. m.;9;NA
PRE;E34;Gato;04/09/2018 14:56;04/09/2018;2:56:32 p. m.;3;NA
PRE;E34;Gato;04/09/2018 15:38;04/09/2018;3:38:55 p. m.;3;NA
PRE;E34;Gato;04/09/2018 16:07;04/09/2018;4:07:12 p. m.;3;NA
PRE;E34;Gato;04/09/2018 16:11;04/09/2018;4:11:50 p. m.;3;NA
PRE;E34;Gato;04/09/2018 16:33;04/09/2018;4:33:31 p. m.;3;NA
PRE;E34;Gato;04/09/2018 17:02;04/09/2018;5:02:12 p. m.;3;NA
PRE;E34;Gato;04/09/2018 17:21;04/09/2018;5:21:35 p. m.;3;NA
PRE;E34;Gato;04/09/2018 18:29;04/09/2018;6:29:23 p. m.;3;NA
PRE;E34;Gato;04/09/2018 18:54;04/09/2018;6:54:40 p. m.;3;NA
PRE;E34;Gato;05/09/2018 5:15;05/09/2018;5:15:27 a. m.;3;NA
PRE;E34;Gato;05/09/2018 5:29;05/09/2018;5:29:01 a. m.;2;NA
PRE;E34;Gato;05/09/2018 7:00;05/09/2018;7:00:14 a. m.;3;NA
PRE;E34;Gato;05/09/2018 10:02;05/09/2018;10:02:46 a. m.;3;NA
PRE;E34;Gato;05/09/2018 15:45;05/09/2018;3:45:27 p. m.;3;NA
PRE;E34;Gato;05/09/2018 15:56;05/09/2018;3:56:19 p. m.;3;NA
PRE;E34;Gato;05/09/2018 16:07;05/09/2018;4:07:00 p. m.;3;NA
PRE;E34;Gato;05/09/2018 16:11;05/09/2018;4:11:31 p. m.;3;NA
PRE;E34;Gato;05/09/2018 16:20;05/09/2018;4:20:04 p. m.;3;NA
PRE;E34;Gato;05/09/2018 16:22;05/09/2018;4:22:51 p. m.;2;NA
PRE;E34;Gato;05/09/2018 17:16;05/09/2018;5:16:10 p. m.;3;NA
PRE;E34;Gato;05/09/2018 19:10;05/09/2018;7:10:12 p. m.;3;NA
PRE;E34;Gato;05/09/2018 21:08;05/09/2018;9:08:27 p. m.;3;NA
PRE;E34;Gato;05/09/2018 23:38;05/09/2018;11:38:07 p. m.;3;NA
PRE;E34;Gato;06/09/2018 0:36;06/09/2018;12:36:20 a. m.;3;NA
PRE;E34;Gato;06/09/2018 7:13;06/09/2018;7:13:20 a. m.;3;NA
PRE;E34;Gato;06/09/2018 11:23;06/09/2018;11:23:43 a. m.;3;NA
PRE;E34;Gato;06/09/2018 12:40;06/09/2018;12:40:01 p. m.;3;NA
PRE;E34;Gato;06/09/2018 13:22;06/09/2018;1:22:11 p. m.;3;NA
PRE;E34;Gato;06/09/2018 13:28;06/09/2018;1:28:08 p. m.;3;NA
PRE;E34;Gato;06/09/2018 13:37;06/09/2018;1:37:00 p. m.;3;NA
PRE;E34;Gato;06/09/2018 14:05;06/09/2018;2:05:14 p. m.;2;NA
PRE;E34;Gato;06/09/2018 15:55;06/09/2018;3:55:34 p. m.;3;NA
PRE;E34;Gato;06/09/2018 16:23;06/09/2018;4:23:53 p. m.;3;NA
PRE;E34;Gato;06/09/2018 16:30;06/09/2018;4:30:51 p. m.;3;NA
PRE;E34;Gato;06/09/2018 16:35;06/09/2018;4:35:58 p. m.;3;NA
PRE;E34;Gato;06/09/2018 17:05;06/09/2018;5:05:55 p. m.;3;NA
PRE;E34;Gato;06/09/2018 17:37;06/09/2018;5:37:26 p. m.;3;NA
PRE;E34;Gato;06/09/2018 18:42;06/09/2018;6:42:41 p. m.;3;NA
PRE;E34;Gato;06/09/2018 18:48;06/09/2018;6:48:40 p. m.;3;NA
PRE;E34;Gato;06/09/2018 21:11;06/09/2018;9:11:06 p. m.;2;NA
PRE;E34;Gato;06/09/2018 21:39;06/09/2018;9:39:13 p. m.;3;NA
PRE;E34;Gato;07/09/2018 0:14;07/09/2018;12:14:23 a. m.;3;NA
PRE;E34;Gato;07/09/2018 1:53;07/09/2018;1:53:27 a. m.;3;NA
PRE;E34;Gato;07/09/2018 6:15;07/09/2018;6:15:18 a. m.;3;NA
PRE;E34;Gato;07/09/2018 11:56;07/09/2018;11:56:01 a. m.;3;NA
PRE;E34;Gato;07/09/2018 12:30;07/09/2018;12:30:26 p. m.;3;NA
PRE;E34;Gato;07/09/2018 14:59;07/09/2018;2:59:08 p. m.;2;NA
PRE;E34;Gato;07/09/2018 15:19;07/09/2018;3:19:07 p. m.;6;NA
PRE;E34;Gato;07/09/2018 16:35;07/09/2018;4:35:49 p. m.;3;NA
PRE;E34;Gato;07/09/2018 16:43;07/09/2018;4:43:06 p. m.;3;NA
PRE;E34;Gato;07/09/2018 16:50;07/09/2018;4:50:37 p. m.;3;NA
PRE;E34;Gato;07/09/2018 18:02;07/09/2018;6:02:19 p. m.;2;NA
PRE;E34;Gato;07/09/2018 19:19;07/09/2018;7:19:22 p. m.;3;NA
PRE;E34;Gato;07/09/2018 23:27;07/09/2018;11:27:33 p. m.;3;NA
PRE;E34;Gato;08/09/2018 6:19;08/09/2018;6:19:01 a. m.;3;NA
PRE;E34;Gato;08/09/2018 7:51;08/09/2018;7:51:15 a. m.;3;NA
PRE;E34;Perro;05/09/2018 10:08;05/09/2018;10:08:41 a. m.;3;NA
PRE;E34;Persona;06/09/2018 8:53;06/09/2018;8:53:00 a. m.;3;NA
PRE;E34;Persona;06/09/2018 9:35;06/09/2018;9:35:49 a. m.;3;NA
PRE;E34;Persona;06/09/2018 9:42;06/09/2018;9:42:44 a. m.;3;NA
POST;E01;Gato;03/09/2019 8:01;03/09/2019;8:01:47 a. m.;3;NA
POST;E01;Gato;03/09/2019 12:08;03/09/2019;12:08:39 p. m.;3;NA
POST;E01;Gato;03/09/2019 12:11;03/09/2019;12:11:42 p. m.;3;NA
POST;E01;Gato;05/09/2019 10:22;05/09/2019;10:22:32 a. m.;6;NA
POST;E02;Ave;20/08/2019 8:22;20/08/2019;8:22:05 a. m.;3;NA
POST;E02;Gato;22/08/2019 11:31;22/08/2019;11:31:34 a. m.;3;NA
POST;E03;Gato;26/08/2019 20:25;26/08/2019;8:25:07 p. m.;3;NA
POST;E03;Gato;26/08/2019 21:12;26/08/2019;9:12:30 p. m.;3;NA
POST;E03;Gato;26/08/2019 21:49;26/08/2019;9:49:21 p. m.;3;NA
POST;E03;Gato;26/08/2019 22:25;26/08/2019;10:25:44 p. m.;3;NA
POST;E03;Gato;26/08/2019 23:50;26/08/2019;11:50:32 p. m.;3;NA
POST;E03;Gato;27/08/2019 0:45;27/08/2019;12:45:42 a. m.;3;NA
POST;E03;Gato;27/08/2019 8:30;27/08/2019;8:30:15 a. m.;3;NA
POST;E03;Gato;27/08/2019 14:12;27/08/2019;2:12:23 p. m.;3;NA
POST;E03;Gato;27/08/2019 18:59;27/08/2019;6:59:04 p. m.;3;NA
POST;E03;Gato;27/08/2019 21:01;27/08/2019;9:01:30 p. m.;3;NA
POST;E03;Gato;27/08/2019 21:28;27/08/2019;9:28:42 p. m.;3;NA
POST;E03;Gato;28/08/2019 0:30;28/08/2019;12:30:16 a. m.;3;NA
POST;E03;Gato;28/08/2019 12:56;28/08/2019;12:56:56 p. m.;3;NA
POST;E03;Gato;28/08/2019 15:04;28/08/2019;3:04:34 p. m.;3;NA
POST;E03;Gato;28/08/2019 17:13;28/08/2019;5:13:57 p. m.;3;NA
POST;E03;Gato;28/08/2019 17:43;28/08/2019;5:43:07 p. m.;3;NA
POST;E03;Gato;28/08/2019 18:21;28/08/2019;6:21:44 p. m.;3;NA
POST;E03;Gato;29/08/2019 12:03;29/08/2019;12:03:02 p. m.;3;NA
POST;E03;Gato;29/08/2019 13:58;29/08/2019;1:58:02 p. m.;6;NA
POST;E03;Gato;29/08/2019 15:40;29/08/2019;3:40:14 p. m.;3;NA
POST;E03;Gato;29/08/2019 21:34;29/08/2019;9:34:58 p. m.;3;NA
POST;E03;Gato;30/08/2019 6:24;30/08/2019;6:24:18 a. m.;6;NA
POST;E03;Gato;30/08/2019 13:38;30/08/2019;1:38:42 p. m.;3;NA
POST;E03;Gato;30/08/2019 16:06;30/08/2019;4:06:58 p. m.;3;NA
POST;E03;Gato;30/08/2019 18:45;30/08/2019;6:45:15 p. m.;3;NA
POST;E03;Gato;31/08/2019 6:22;31/08/2019;6:22:32 a. m.;3;NA
POST;E04;Ave;19/08/2019 10:58;19/08/2019;10:58:14 a. m.;3;NA
POST;E05;Gato;20/08/2019 13:31;20/08/2019;1:31:28 p. m.;3;NA
POST;E05;Gato;20/08/2019 20:10;20/08/2019;8:10:29 p. m.;3;NA
POST;E05;Gato;21/08/2019 10:47;21/08/2019;10:47:57 a. m.;3;NA
POST;E05;Gato;22/08/2019 14:43;22/08/2019;2:43:57 p. m.;3;NA
POST;E05;Gato;22/08/2019 19:35;22/08/2019;7:35:32 p. m.;3;NA
POST;E05;Gato;22/08/2019 21:27;22/08/2019;9:27:42 p. m.;3;NA
POST;E05;Gato;22/08/2019 23:38;22/08/2019;11:38:26 p. m.;6;NA
POST;E05;Gato;23/08/2019 0:44;23/08/2019;12:44:42 a. m.;3;NA
POST;E05;Gato;23/08/2019 14:25;23/08/2019;2:25:27 p. m.;3;NA
POST;E05;Gato;23/08/2019 14:55;23/08/2019;2:55:29 p. m.;3;NA
POST;E05;Gato;23/08/2019 19:52;23/08/2019;7:52:29 p. m.;3;NA
POST;E06;Gato;05/09/2019 9:59;05/09/2019;9:59:32 a. m.;3;NA
POST;E06;Gato;05/09/2019 12:58;05/09/2019;12:58:14 p. m.;3;NA
POST;E06;Gato;06/09/2019 10:00;06/09/2019;10:00:29 a. m.;3;NA
POST;E07;Gato;26/08/2019 23:03;26/08/2019;11:03:55 p. m.;3;NA
POST;E07;Gato;27/08/2019 0:01;27/08/2019;12:01:27 a. m.;3;NA
POST;E07;Gato;27/08/2019 3:10;27/08/2019;3:10:18 a. m.;3;NA
POST;E07;Gato;27/08/2019 12:59;27/08/2019;12:59:33 p. m.;5;NA
POST;E07;Gato;27/08/2019 13:30;27/08/2019;1:30:38 p. m.;9;NA
POST;E07;Gato;27/08/2019 15:52;27/08/2019;3:52:09 p. m.;3;NA
POST;E07;Gato;27/08/2019 16:27;27/08/2019;4:27:28 p. m.;3;NA
POST;E07;Gato;27/08/2019 20:20;27/08/2019;8:20:49 p. m.;2;NA
POST;E07;Gato;28/08/2019 9:47;28/08/2019;9:47:28 a. m.;2;NA
POST;E07;Gato;28/08/2019 13:16;28/08/2019;1:16:46 p. m.;3;NA
POST;E07;Gato;28/08/2019 20:25;28/08/2019;8:25:54 p. m.;3;NA
POST;E07;Gato;29/08/2019 5:34;29/08/2019;5:34:49 a. m.;3;2
POST;E07;Gato;30/08/2019 1:51;30/08/2019;1:51:37 a. m.;3;NA
POST;E07;Gato;30/08/2019 3:13;30/08/2019;3:13:39 a. m.;3;NA
POST;E07;Gato;30/08/2019 3:15;30/08/2019;3:15:43 a. m.;3;NA
POST;E07;Gato;30/08/2019 9:21;30/08/2019;9:21:06 a. m.;3;NA
POST;E07;Gato;30/08/2019 9:45;30/08/2019;9:45:08 a. m.;3;NA
POST;E08;Gato;02/09/2019 15:11;02/09/2019;3:11:47 p. m.;3;NA
POST;E08;Gato;03/09/2019 12:36;03/09/2019;12:36:10 p. m.;3;NA
POST;E08;Gato;05/09/2019 5:03;05/09/2019;5:03:25 a. m.;3;NA
POST;E08;Gato;05/09/2019 18:41;05/09/2019;6:41:50 p. m.;3;NA
POST;E08;Gato;05/09/2019 20:06;05/09/2019;8:06:53 p. m.;3;NA
POST;E08;Gato;05/09/2019 22:54;05/09/2019;10:54:20 p. m.;3;NA
POST;E08;Persona;02/09/2019 16:55;02/09/2019;4:55:43 p. m.;3;NA
POST;E08;Persona;03/09/2019 11:06;03/09/2019;11:06:28 a. m.;2;NA
POST;E08;Persona;05/09/2019 15:17;05/09/2019;3:17:53 p. m.;3;NA
POST;E08;Persona;06/09/2019 14:10;06/09/2019;2:10:57 p. m.;3;NA
POST;E09;Gato;20/08/2019 13:31;20/08/2019;1:31:04 p. m.;3;NA
POST;E09;Gato;21/08/2019 9:33;21/08/2019;9:33:05 a. m.;3;NA
POST;E09;Gato;22/08/2019 2:31;22/08/2019;2:31:10 a. m.;3;NA
POST;E09;Gato;22/08/2019 5:52;22/08/2019;5:52:38 a. m.;3;NA
POST;E09;Gato;22/08/2019 9:12;22/08/2019;9:12:57 a. m.;3;NA
POST;E09;Gato;22/08/2019 11:24;22/08/2019;11:24:49 a. m.;6;NA
POST;E09;Gato;22/08/2019 12:20;22/08/2019;12:20:45 p. m.;3;NA
POST;E09;Gato;23/08/2019 15:17;23/08/2019;3:17:21 p. m.;2;NA
POST;E09;Gato;24/08/2019 9:58;24/08/2019;9:58:57 a. m.;2;NA
POST;E10;Ave;02/09/2019 13:22;02/09/2019;1:22:23 p. m.;2;NA
POST;E11;Gato;02/09/2019 20:01;02/09/2019;8:01:27 p. m.;2;NA
POST;E11;Gato;02/09/2019 22:41;02/09/2019;10:41:26 p. m.;5;NA
POST;E11;Gato;02/09/2019 23:06;02/09/2019;11:06:57 p. m.;7;NA
POST;E11;Gato;03/09/2019 10:40;03/09/2019;10:40:53 a. m.;3;NA
POST;E11;Gato;03/09/2019 23:21;03/09/2019;11:21:39 p. m.;3;NA
POST;E11;Gato;04/09/2019 3:48;04/09/2019;3:48:20 a. m.;3;NA
POST;E11;Gato;05/09/2019 19:28;05/09/2019;7:28:56 p. m.;2;NA
POST;E11;Gato;05/09/2019 19:44;05/09/2019;7:44:31 p. m.;2;NA
POST;E11;Gato;06/09/2019 1:57;06/09/2019;1:57:08 a. m.;2;NA
POST;E11;Gato;06/09/2019 2:01;06/09/2019;2:01:35 a. m.;9;NA
POST;E11;Gato;07/09/2019 3:59;07/09/2019;3:59:50 a. m.;3;NA
POST;E11;Gato;07/09/2019 6:12;07/09/2019;6:12:59 a. m.;3;NA
POST;E12;Gato;27/08/2019 10:13;27/08/2019;10:13:07 a. m.;3;NA
POST;E12;Gato;27/08/2019 11:43;27/08/2019;11:43:02 a. m.;3;NA
POST;E12;Gato;27/08/2019 18:36;27/08/2019;6:36:30 p. m.;3;NA
POST;E12;Gato;27/08/2019 19:15;27/08/2019;7:15:20 p. m.;9;NA
POST;E12;Gato;27/08/2019 19:24;27/08/2019;7:24:02 p. m.;3;NA
POST;E12;Gato;28/08/2019 1:38;28/08/2019;1:38:55 a. m.;3;NA
POST;E12;Gato;28/08/2019 9:48;28/08/2019;9:48:21 a. m.;2;NA
POST;E12;Gato;28/08/2019 14:15;28/08/2019;2:15:33 p. m.;3;NA
POST;E12;Gato;28/08/2019 16:06;28/08/2019;4:06:20 p. m.;3;NA
POST;E12;Gato;29/08/2019 19:48;29/08/2019;7:48:34 p. m.;3;NA
POST;E12;Gato;30/08/2019 12:01;30/08/2019;12:01:26 p. m.;3;NA
POST;E12;Gato;30/08/2019 15:41;30/08/2019;3:41:59 p. m.;3;NA
POST;E12;Gato;30/08/2019 15:46;30/08/2019;3:46:43 p. m.;3;NA
POST;E12;Gato;30/08/2019 16:14;30/08/2019;4:14:39 p. m.;3;NA
POST;E12;Gato;30/08/2019 16:49;30/08/2019;4:49:39 p. m.;3;NA
POST;E12;Gato;30/08/2019 18:34;30/08/2019;6:34:14 p. m.;3;NA
POST;E12;Gato;30/08/2019 23:19;30/08/2019;11:19:53 p. m.;3;NA
POST;E12;Gato;31/08/2019 8:36;31/08/2019;8:36:16 a. m.;3;NA
POST;E13;Ave;02/09/2019 14:33;02/09/2019;2:33:47 p. m.;3;NA
POST;E13;Gato;04/09/2019 10:32;04/09/2019;10:32:30 a. m.;3;NA
POST;E14;Ave;02/09/2019 11:02;02/09/2019;11:02:50 a. m.;3;NA
POST;E14;Gato;03/09/2019 23:39;03/09/2019;11:39:30 p. m.;3;NA
POST;E15;Ave;26/08/2019 10:35;26/08/2019;10:35:11 a. m.;3;NA
POST;E15;Colilargo;27/08/2019 1:51;27/08/2019;1:51:23 a. m.;3;NA
POST;E15;Gato;27/08/2019 17:14;27/08/2019;5:14:58 p. m.;3;NA
POST;E15;Gato;29/08/2019 17:49;29/08/2019;5:49:41 p. m.;6;NA
POST;E16;Ave;19/08/2019 17:58;19/08/2019;5:58:55 p. m.;3;NA
POST;E17;Ave;26/08/2019 15:16;26/08/2019;3:16:28 p. m.;3;NA
POST;E18;Ave;19/08/2019 8:52;19/08/2019;8:52:33 a. m.;3;NA
POST;E18;Colilargo;19/08/2019 22:30;19/08/2019;10:30:59 p. m.;2;NA
POST;E19;Gato;27/08/2019 20:29;27/08/2019;8:29:03 p. m.;3;NA
POST;E19;Gato;29/08/2019 23:32;29/08/2019;11:32:59 p. m.;3;NA
POST;E19;Gato;31/08/2019 5:13;31/08/2019;5:13:38 a. m.;3;2
POST;E20;Gato;02/09/2019 20:59;02/09/2019;8:59:02 p. m.;3;NA
POST;E20;Gato;04/09/2019 19:00;04/09/2019;7:00:41 p. m.;3;NA
POST;E20;Gato;05/09/2019 6:36;05/09/2019;6:36:51 a. m.;3;NA
POST;E20;Gato;05/09/2019 18:38;05/09/2019;6:38:43 p. m.;3;NA
POST;E20;Gato;06/09/2019 7:33;06/09/2019;7:33:21 a. m.;3;NA
POST;E20;Gato;06/09/2019 18:03;06/09/2019;6:03:24 p. m.;3;NA
POST;E20;Gato;06/09/2019 20:09;06/09/2019;8:09:40 p. m.;3;NA
POST;E20;Gato;07/09/2019 7:16;07/09/2019;7:16:56 a. m.;3;NA
POST;E21;Ave;19/08/2019 17:23;19/08/2019;5:23:40 p. m.;3;NA
POST;E22;Gato;27/08/2019 0:37;27/08/2019;12:37:26 a. m.;3;NA
POST;E22;Gato;27/08/2019 22:11;27/08/2019;10:11:56 p. m.;3;2
POST;E23;Ave;26/08/2019 14:24;26/08/2019;2:24:03 p. m.;3;NA
POST;E23;Gato;28/08/2019 6:55;28/08/2019;6:55:41 a. m.;3;NA
POST;E24;Ave;21/08/2019 9:14;21/08/2019;9:14:15 a. m.;2;NA
POST;E24;Colilargo;20/08/2019 20:16;20/08/2019;8:16:30 p. m.;3;NA
POST;E24;Colilargo;22/08/2019 20:09;22/08/2019;8:09:50 p. m.;2;NA
POST;E25;Ave;02/09/2019 11:43;02/09/2019;11:43:45 a. m.;2;NA
POST;E25;Carpincho;03/09/2019 2:31;03/09/2019;2:31:57 a. m.;2;NA
POST;E25;Carpincho;03/09/2019 2:39;03/09/2019;2:39:22 a. m.;3;NA
POST;E25;Carpincho;04/09/2019 23:48;04/09/2019;11:48:26 p. m.;3;NA
POST;E25;Carpincho;06/09/2019 4:27;06/09/2019;4:27:10 a. m.;3;NA
POST;E26;Ave;19/08/2019 9:17;19/08/2019;9:17:38 a. m.;3;NA
POST;E27;Ave;26/08/2019 17:49;26/08/2019;5:49:30 p. m.;3;2
POST;E27;Gato;28/08/2019 4:20;28/08/2019;4:20:15 a. m.;3;NA
POST;E27;Gato;28/08/2019 7:15;28/08/2019;7:15:20 a. m.;3;NA
POST;E27;Gato;28/08/2019 20:59;28/08/2019;8:59:57 p. m.;3;NA
POST;E28;Ave;19/08/2019 11:37;19/08/2019;11:37:22 a. m.;2;NA
POST;E28;Carpincho;21/08/2019 6:41;21/08/2019;6:41:43 a. m.;3;NA
POST;E28;Gato;19/08/2019 20:07;19/08/2019;8:07:18 p. m.;2;NA
POST;E29;Ave;02/09/2019 10:34;02/09/2019;10:34:38 a. m.;12;2
POST;E29;Carpincho;03/09/2019 4:21;03/09/2019;4:21:45 a. m.;3;2
POST;E29;Carpincho;04/09/2019 3:07;04/09/2019;3:07:48 a. m.;2;NA
POST;E29;Carpincho;04/09/2019 5:21;04/09/2019;5:21:58 a. m.;9;NA
POST;E29;Carpincho;06/09/2019 2:35;06/09/2019;2:35:59 a. m.;3;NA
POST;E29;Colilargo;07/09/2019 3:33;07/09/2019;3:33:15 a. m.;3;NA
POST;E30;Ave;26/08/2019 12:45;26/08/2019;12:45:53 p. m.;3;NA
POST;E30;Gato;28/08/2019 18:34;28/08/2019;6:34:21 p. m.;3;NA
POST;E30;Gato;31/08/2019 5:40;31/08/2019;5:40:22 a. m.;3;NA
POST;E31;Ave;10/09/2019 11:14;10/09/2019;11:14:38 a. m.;3;NA
POST;E31;Colilargo;14/09/2019 19:58;14/09/2019;7:58:48 p. m.;3;NA
POST;E31;Gato;11/09/2019 11:08;11/09/2019;11:08:57 a. m.;3;NA
POST;E31;Gato;12/09/2019 11:11;12/09/2019;11:11:49 a. m.;2;NA
POST;E32;Ave;10/09/2019 16:45;10/09/2019;4:45:23 p. m.;6;NA
POST;E32;Gato;11/09/2019 14:57;11/09/2019;2:57:21 p. m.;3;NA
POST;E33;Gato;10/09/2019 9:51;10/09/2019;9:51:49 a. m.;3;NA
POST;E33;Gato;10/09/2019 9:58;10/09/2019;9:58:10 a. m.;3;NA
POST;E33;Gato;10/09/2019 10:08;10/09/2019;10:08:44 a. m.;3;NA
POST;E33;Gato;10/09/2019 10:10;10/09/2019;10:10:57 a. m.;3;NA
POST;E33;Gato;10/09/2019 10:13;10/09/2019;10:13:49 a. m.;3;NA
POST;E33;Gato;10/09/2019 10:17;10/09/2019;10:17:19 a. m.;3;NA
POST;E33;Gato;10/09/2019 10:24;10/09/2019;10:24:53 a. m.;3;NA
POST;E33;Gato;10/09/2019 10:30;10/09/2019;10:30:52 a. m.;3;NA
POST;E33;Gato;10/09/2019 10:44;10/09/2019;10:44:37 a. m.;6;NA
POST;E33;Gato;10/09/2019 10:48;10/09/2019;10:48:04 a. m.;6;NA
POST;E33;Gato;10/09/2019 10:52;10/09/2019;10:52:40 a. m.;3;NA
POST;E33;Gato;10/09/2019 11:00;10/09/2019;11:00:54 a. m.;6;NA
POST;E33;Gato;10/09/2019 11:19;10/09/2019;11:19:45 a. m.;3;NA
POST;E33;Gato;10/09/2019 11:31;10/09/2019;11:31:01 a. m.;3;NA
POST;E33;Gato;10/09/2019 11:34;10/09/2019;11:34:59 a. m.;6;NA
POST;E33;Gato;10/09/2019 11:41;10/09/2019;11:41:52 a. m.;3;NA
POST;E33;Gato;10/09/2019 11:49;10/09/2019;11:49:59 a. m.;3;NA
POST;E33;Gato;10/09/2019 11:52;10/09/2019;11:52:20 a. m.;3;2
POST;E33;Gato;10/09/2019 11:55;10/09/2019;11:55:01 a. m.;2;2
POST;E33;Gato;10/09/2019 12:02;10/09/2019;12:02:21 p. m.;3;NA
POST;E33;Gato;10/09/2019 12:06;10/09/2019;12:06:29 p. m.;2;2
POST;E33;Gato;10/09/2019 12:12;10/09/2019;12:12:08 p. m.;9;2
POST;E33;Gato;10/09/2019 12:25;10/09/2019;12:25:59 p. m.;3;NA
POST;E33;Gato;10/09/2019 12:28;10/09/2019;12:28:09 p. m.;3;2
POST;E33;Gato;10/09/2019 12:42;10/09/2019;12:42:39 p. m.;3;NA
POST;E33;Gato;10/09/2019 12:45;10/09/2019;12:45:39 p. m.;3;NA
POST;E33;Gato;10/09/2019 12:54;10/09/2019;12:54:25 p. m.;3;2
POST;E33;Gato;10/09/2019 12:56;10/09/2019;12:56:39 p. m.;6;2
POST;E33;Gato;10/09/2019 13:06;10/09/2019;1:06:17 p. m.;3;NA
POST;E33;Gato;10/09/2019 13:08;10/09/2019;1:08:39 p. m.;6;NA
POST;E33;Gato;10/09/2019 13:14;10/09/2019;1:14:19 p. m.;2;NA
POST;E33;Gato;10/09/2019 13:25;10/09/2019;1:25:42 p. m.;3;NA
POST;E33;Gato;10/09/2019 13:34;10/09/2019;1:34:51 p. m.;3;NA
POST;E33;Gato;10/09/2019 13:47;10/09/2019;1:47:22 p. m.;6;NA
POST;E33;Gato;10/09/2019 13:57;10/09/2019;1:57:39 p. m.;3;NA
POST;E33;Gato;10/09/2019 14:00;10/09/2019;2:00:01 p. m.;3;NA
POST;E33;Gato;10/09/2019 14:07;10/09/2019;2:07:36 p. m.;5;NA
POST;E33;Gato;10/09/2019 14:11;10/09/2019;2:11:11 p. m.;3;NA
POST;E33;Gato;10/09/2019 14:15;10/09/2019;2:15:02 p. m.;3;NA
POST;E33;Gato;10/09/2019 14:24;10/09/2019;2:24:29 p. m.;12;NA
POST;E33;Gato;10/09/2019 14:28;10/09/2019;2:28:23 p. m.;3;NA
POST;E33;Gato;10/09/2019 14:35;10/09/2019;2:35:56 p. m.;3;NA
POST;E33;Gato;10/09/2019 14:38;10/09/2019;2:38:27 p. m.;3;3
POST;E33;Gato;10/09/2019 14:50;10/09/2019;2:50:04 p. m.;3;NA
POST;E33;Gato;10/09/2019 14:54;10/09/2019;2:54:12 p. m.;3;3
POST;E33;Gato;10/09/2019 15:05;10/09/2019;3:05:56 p. m.;3;NA
POST;E33;Gato;10/09/2019 15:10;10/09/2019;3:10:43 p. m.;9;NA
POST;E33;Gato;10/09/2019 15:18;10/09/2019;3:18:04 p. m.;3;NA
POST;E33;Gato;10/09/2019 15:29;10/09/2019;3:29:27 p. m.;6;NA
POST;E33;Gato;10/09/2019 15:32;10/09/2019;3:32:02 p. m.;2;NA
POST;E33;Gato;10/09/2019 15:38;10/09/2019;3:38:04 p. m.;3;2
POST;E33;Gato;10/09/2019 15:43;10/09/2019;3:43:19 p. m.;2;NA
POST;E33;Gato;10/09/2019 15:56;10/09/2019;3:56:48 p. m.;3;NA
POST;E33;Gato;10/09/2019 16:04;10/09/2019;4:04:38 p. m.;3;NA
POST;E33;Gato;10/09/2019 16:20;10/09/2019;4:20:00 p. m.;12;NA
POST;E33;Gato;10/09/2019 16:55;10/09/2019;4:55:15 p. m.;3;2
POST;E33;Gato;10/09/2019 17:19;10/09/2019;5:19:48 p. m.;3;NA
POST;E33;Gato;10/09/2019 17:34;10/09/2019;5:34:31 p. m.;3;NA
POST;E33;Gato;10/09/2019 17:36;10/09/2019;5:36:52 p. m.;3;NA
POST;E33;Gato;10/09/2019 17:44;10/09/2019;5:44:21 p. m.;6;NA
POST;E33;Gato;10/09/2019 17:47;10/09/2019;5:47:38 p. m.;3;NA
POST;E33;Gato;10/09/2019 17:50;10/09/2019;5:50:03 p. m.;3;NA
POST;E33;Gato;10/09/2019 17:56;10/09/2019;5:56:49 p. m.;3;NA
POST;E33;Gato;10/09/2019 18:03;10/09/2019;6:03:12 p. m.;3;NA
POST;E33;Gato;10/09/2019 18:09;10/09/2019;6:09:42 p. m.;3;NA
POST;E33;Gato;10/09/2019 18:26;10/09/2019;6:26:29 p. m.;3;NA
POST;E33;Gato;10/09/2019 18:33;10/09/2019;6:33:42 p. m.;3;NA
POST;E33;Gato;10/09/2019 19:00;10/09/2019;7:00:23 p. m.;3;2
POST;E33;Gato;10/09/2019 19:04;10/09/2019;7:04:22 p. m.;3;NA
POST;E33;Gato;10/09/2019 19:14;10/09/2019;7:14:57 p. m.;3;NA
POST;E33;Gato;10/09/2019 19:19;10/09/2019;7:19:07 p. m.;6;2
POST;E33;Gato;10/09/2019 19:24;10/09/2019;7:24:43 p. m.;3;NA
POST;E33;Gato;10/09/2019 19:30;10/09/2019;7:30:29 p. m.;3;3
POST;E33;Gato;10/09/2019 19:34;10/09/2019;7:34:38 p. m.;3;NA
POST;E33;Gato;10/09/2019 19:42;10/09/2019;7:42:05 p. m.;9;3
POST;E33;Gato;10/09/2019 19:46;10/09/2019;7:46:12 p. m.;3;NA
POST;E33;Gato;10/09/2019 19:53;10/09/2019;7:53:04 p. m.;3;NA
POST;E33;Gato;10/09/2019 20:01;10/09/2019;8:01:09 p. m.;5;NA
POST;E33;Gato;10/09/2019 20:08;10/09/2019;8:08:40 p. m.;9;NA
POST;E33;Gato;10/09/2019 20:16;10/09/2019;8:16:50 p. m.;3;NA
POST;E33;Gato;10/09/2019 20:30;10/09/2019;8:30:16 p. m.;6;2
POST;E33;Gato;10/09/2019 20:39;10/09/2019;8:39:46 p. m.;3;NA
POST;E33;Gato;10/09/2019 20:52;10/09/2019;8:52:46 p. m.;9;2
POST;E33;Gato;10/09/2019 21:08;10/09/2019;9:08:48 p. m.;9;NA
POST;E33;Gato;10/09/2019 21:10;10/09/2019;9:10:58 p. m.;3;NA
POST;E33;Gato;10/09/2019 21:21;10/09/2019;9:21:44 p. m.;8;NA
POST;E33;Gato;10/09/2019 21:41;10/09/2019;9:41:18 p. m.;3;NA
POST;E33;Gato;10/09/2019 21:44;10/09/2019;9:44:01 p. m.;3;NA
POST;E33;Gato;10/09/2019 21:54;10/09/2019;9:54:38 p. m.;3;NA
POST;E33;Gato;10/09/2019 22:03;10/09/2019;10:03:09 p. m.;3;NA
POST;E33;Gato;10/09/2019 22:11;10/09/2019;10:11:40 p. m.;3;NA
POST;E33;Gato;10/09/2019 22:15;10/09/2019;10:15:55 p. m.;3;NA
POST;E33;Gato;10/09/2019 22:23;10/09/2019;10:23:56 p. m.;3;NA
POST;E33;Gato;10/09/2019 22:33;10/09/2019;10:33:16 p. m.;3;NA
POST;E33;Gato;10/09/2019 22:38;10/09/2019;10:38:39 p. m.;9;NA
POST;E33;Gato;10/09/2019 22:44;10/09/2019;10:44:09 p. m.;3;NA
POST;E33;Gato;10/09/2019 22:56;10/09/2019;10:56:31 p. m.;3;6
POST;E33;Gato;10/09/2019 23:03;10/09/2019;11:03:24 p. m.;3;NA
POST;E33;Gato;10/09/2019 23:11;10/09/2019;11:11:24 p. m.;9;NA
POST;E33;Gato;10/09/2019 23:15;10/09/2019;11:15:39 p. m.;3;NA
POST;E33;Gato;10/09/2019 23:28;10/09/2019;11:28:32 p. m.;3;NA
POST;E33;Gato;10/09/2019 23:36;10/09/2019;11:36:36 p. m.;3;NA
POST;E33;Gato;10/09/2019 23:47;10/09/2019;11:47:37 p. m.;3;NA
POST;E33;Gato;11/09/2019 0:09;11/09/2019;12:09:52 a. m.;3;NA
POST;E33;Gato;11/09/2019 0:26;11/09/2019;12:26:22 a. m.;3;NA
POST;E33;Gato;11/09/2019 0:59;11/09/2019;12:59:44 a. m.;12;NA
POST;E33;Gato;11/09/2019 1:07;11/09/2019;1:07:21 a. m.;3;NA
POST;E33;Gato;11/09/2019 1:44;11/09/2019;1:44:26 a. m.;3;NA
POST;E33;Gato;11/09/2019 2:02;11/09/2019;2:02:33 a. m.;3;NA
POST;E33;Gato;11/09/2019 2:11;11/09/2019;2:11:39 a. m.;3;NA
POST;E33;Gato;11/09/2019 2:19;11/09/2019;2:19:18 a. m.;3;NA
POST;E33;Gato;11/09/2019 2:25;11/09/2019;2:25:17 a. m.;3;NA
POST;E33;Gato;11/09/2019 2:39;11/09/2019;2:39:20 a. m.;3;NA
POST;E33;Gato;11/09/2019 2:52;11/09/2019;2:52:18 a. m.;3;NA
POST;E33;Gato;11/09/2019 3:05;11/09/2019;3:05:49 a. m.;2;NA
POST;E33;Gato;11/09/2019 3:17;11/09/2019;3:17:12 a. m.;3;2
POST;E33;Gato;11/09/2019 3:42;11/09/2019;3:42:15 a. m.;3;NA
POST;E33;Gato;11/09/2019 3:49;11/09/2019;3:49:59 a. m.;3;NA
POST;E33;Gato;11/09/2019 3:53;11/09/2019;3:53:18 a. m.;3;NA
POST;E33;Gato;11/09/2019 4:00;11/09/2019;4:00:48 a. m.;3;NA
POST;E33;Gato;11/09/2019 4:14;11/09/2019;4:14:22 a. m.;3;NA
POST;E33;Gato;11/09/2019 4:56;11/09/2019;4:56:27 a. m.;3;NA
POST;E33;Gato;11/09/2019 5:16;11/09/2019;5:16:20 a. m.;3;NA
POST;E33;Gato;11/09/2019 5:39;11/09/2019;5:39:06 a. m.;3;NA
POST;E33;Gato;11/09/2019 5:52;11/09/2019;5:52:57 a. m.;9;NA
POST;E33;Gato;11/09/2019 6:06;11/09/2019;6:06:32 a. m.;3;NA
POST;E33;Gato;11/09/2019 6:14;11/09/2019;6:14:15 a. m.;3;NA
POST;E33;Gato;11/09/2019 6:30;11/09/2019;6:30:34 a. m.;3;NA
POST;E33;Gato;11/09/2019 6:35;11/09/2019;6:35:20 a. m.;3;NA
POST;E33;Gato;11/09/2019 8:13;11/09/2019;8:13:40 a. m.;3;NA
POST;E33;Gato;11/09/2019 8:22;11/09/2019;8:22:48 a. m.;3;NA
POST;E33;Gato;11/09/2019 8:41;11/09/2019;8:41:56 a. m.;3;NA
POST;E33;Gato;11/09/2019 8:53;11/09/2019;8:53:29 a. m.;3;NA
POST;E33;Gato;11/09/2019 9:00;11/09/2019;9:00:48 a. m.;3;NA
POST;E33;Gato;11/09/2019 9:25;11/09/2019;9:25:45 a. m.;3;NA
POST;E33;Gato;11/09/2019 9:33;11/09/2019;9:33:01 a. m.;2;NA
POST;E33;Gato;11/09/2019 9:41;11/09/2019;9:41:14 a. m.;3;NA
POST;E33;Gato;11/09/2019 9:45;11/09/2019;9:45:34 a. m.;3;NA
POST;E33;Gato;11/09/2019 10:01;11/09/2019;10:01:06 a. m.;3;NA
POST;E33;Gato;11/09/2019 10:08;11/09/2019;10:08:59 a. m.;3;NA
POST;E33;Gato;11/09/2019 10:29;11/09/2019;10:29:58 a. m.;3;NA
POST;E33;Gato;11/09/2019 10:33;11/09/2019;10:33:27 a. m.;3;NA
POST;E33;Gato;11/09/2019 10:43;11/09/2019;10:43:59 a. m.;3;NA
POST;E33;Gato;11/09/2019 10:52;11/09/2019;10:52:33 a. m.;2;NA
POST;E33;Gato;11/09/2019 11:08;11/09/2019;11:08:01 a. m.;3;NA
POST;E33;Gato;11/09/2019 11:10;11/09/2019;11:10:17 a. m.;3;NA
POST;E33;Gato;11/09/2019 11:14;11/09/2019;11:14:58 a. m.;3;NA
POST;E33;Gato;11/09/2019 11:22;11/09/2019;11:22:33 a. m.;3;NA
POST;E33;Gato;11/09/2019 11:27;11/09/2019;11:27:50 a. m.;3;NA
POST;E33;Gato;11/09/2019 11:30;11/09/2019;11:30:29 a. m.;3;NA
POST;E33;Gato;11/09/2019 11:35;11/09/2019;11:35:22 a. m.;3;NA
POST;E33;Gato;11/09/2019 11:37;11/09/2019;11:37:47 a. m.;3;NA
POST;E33;Gato;11/09/2019 11:45;11/09/2019;11:45:32 a. m.;3;NA
POST;E33;Gato;11/09/2019 11:55;11/09/2019;11:55:56 a. m.;3;NA
POST;E33;Gato;11/09/2019 12:01;11/09/2019;12:01:23 p. m.;3;NA
POST;E33;Gato;11/09/2019 12:14;11/09/2019;12:14:08 p. m.;2;NA
POST;E33;Gato;11/09/2019 12:18;11/09/2019;12:18:18 p. m.;3;NA
POST;E33;Gato;11/09/2019 12:34;11/09/2019;12:34:56 p. m.;3;NA
POST;E33;Gato;11/09/2019 12:41;11/09/2019;12:41:21 p. m.;3;NA
POST;E33;Gato;11/09/2019 12:51;11/09/2019;12:51:20 p. m.;3;NA
POST;E33;Gato;11/09/2019 12:58;11/09/2019;12:58:06 p. m.;3;NA
POST;E33;Gato;11/09/2019 13:01;11/09/2019;1:01:24 p. m.;3;NA
POST;E33;Gato;11/09/2019 13:11;11/09/2019;1:11:44 p. m.;3;NA
POST;E33;Gato;11/09/2019 13:14;11/09/2019;1:14:36 p. m.;3;NA
POST;E33;Gato;11/09/2019 13:24;11/09/2019;1:24:42 p. m.;2;NA
POST;E33;Gato;11/09/2019 13:28;11/09/2019;1:28:08 p. m.;3;NA
POST;E33;Gato;11/09/2019 13:31;11/09/2019;1:31:09 p. m.;3;NA
POST;E33;Gato;11/09/2019 13:35;11/09/2019;1:35:20 p. m.;3;NA
POST;E33;Gato;11/09/2019 14:01;11/09/2019;2:01:03 p. m.;3;NA
POST;E33;Gato;11/09/2019 14:03;11/09/2019;2:03:08 p. m.;3;NA
POST;E33;Gato;11/09/2019 14:08;11/09/2019;2:08:51 p. m.;3;NA
POST;E33;Gato;11/09/2019 14:13;11/09/2019;2:13:24 p. m.;2;NA
POST;E33;Gato;11/09/2019 14:17;11/09/2019;2:17:05 p. m.;6;NA
POST;E33;Gato;11/09/2019 14:27;11/09/2019;2:27:17 p. m.;3;NA
POST;E33;Gato;11/09/2019 14:30;11/09/2019;2:30:15 p. m.;3;NA
POST;E33;Gato;11/09/2019 14:34;11/09/2019;2:34:48 p. m.;3;NA
POST;E33;Gato;11/09/2019 14:48;11/09/2019;2:48:38 p. m.;2;NA
POST;E33;Gato;11/09/2019 14:51;11/09/2019;2:51:05 p. m.;3;NA
POST;E33;Gato;11/09/2019 14:56;11/09/2019;2:56:41 p. m.;3;NA
POST;E33;Gato;11/09/2019 15:01;11/09/2019;3:01:20 p. m.;3;NA
POST;E33;Gato;11/09/2019 15:08;11/09/2019;3:08:48 p. m.;3;NA
POST;E33;Gato;11/09/2019 15:15;11/09/2019;3:15:30 p. m.;3;NA
POST;E33;Gato;11/09/2019 15:34;11/09/2019;3:34:02 p. m.;3;NA
POST;E33;Gato;11/09/2019 15:44;11/09/2019;3:44:48 p. m.;3;NA
POST;E33;Gato;11/09/2019 15:51;11/09/2019;3:51:27 p. m.;3;NA
POST;E33;Gato;11/09/2019 15:54;11/09/2019;3:54:58 p. m.;;
POST;E33;Gato;11/09/2019 15:59;11/09/2019;3:59:14 p. m.;;
POST;E33;Gato;11/09/2019 16:02;11/09/2019;4:02:51 p. m.;;
POST;E33;Gato;11/09/2019 16:08;11/09/2019;4:08:24 p. m.;;
POST;E33;Gato;11/09/2019 16:14;11/09/2019;4:14:15 p. m.;;
POST;E33;Gato;11/09/2019 16:20;11/09/2019;4:20:45 p. m.;;
POST;E33;Gato;11/09/2019 16:25;11/09/2019;4:25:08 p. m.;;
POST;E33;Gato;11/09/2019 16:33;11/09/2019;4:33:06 p. m.;;
POST;E33;Gato;11/09/2019 16:39;11/09/2019;4:39:58 p. m.;;
POST;E33;Gato;11/09/2019 16:51;11/09/2019;4:51:08 p. m.;;
POST;E33;Gato;11/09/2019 17:03;11/09/2019;5:03:13 p. m.;;
POST;E33;Gato;11/09/2019 17:07;11/09/2019;5:07:31 p. m.;;
POST;E33;Gato;11/09/2019 17:13;11/09/2019;5:13:56 p. m.;;
POST;E33;Gato;11/09/2019 17:18;11/09/2019;5:18:52 p. m.;;
POST;E33;Gato;11/09/2019 17:36;11/09/2019;5:36:54 p. m.;;
POST;E33;Gato;11/09/2019 17:39;11/09/2019;5:39:47 p. m.;;
POST;E33;Gato;11/09/2019 17:42;11/09/2019;5:42:33 p. m.;;
POST;E33;Gato;11/09/2019 17:47;11/09/2019;5:47:54 p. m.;;
POST;E33;Gato;11/09/2019 17:54;11/09/2019;5:54:24 p. m.;;
POST;E33;Gato;11/09/2019 18:01;11/09/2019;6:01:58 p. m.;;
POST;E33;Gato;11/09/2019 18:16;11/09/2019;6:16:57 p. m.;;
POST;E33;Gato;11/09/2019 18:20;11/09/2019;6:20:54 p. m.;;
POST;E33;Gato;11/09/2019 18:23;11/09/2019;6:23:28 p. m.;;
POST;E33;Gato;11/09/2019 18:29;11/09/2019;6:29:32 p. m.;;
POST;E33;Gato;11/09/2019 18:35;11/09/2019;6:35:55 p. m.;;
POST;E33;Gato;11/09/2019 18:38;11/09/2019;6:38:29 p. m.;;
POST;E33;Gato;11/09/2019 18:42;11/09/2019;6:42:07 p. m.;;
POST;E33;Gato;11/09/2019 18:49;11/09/2019;6:49:21 p. m.;;
POST;E33;Gato;11/09/2019 18:54;11/09/2019;6:54:43 p. m.;;
POST;E33;Gato;11/09/2019 18:57;11/09/2019;6:57:53 p. m.;;
POST;E33;Gato;11/09/2019 19:04;11/09/2019;7:04:33 p. m.;;
POST;E33;Gato;11/09/2019 19:20;11/09/2019;7:20:48 p. m.;;
POST;E33;Gato;11/09/2019 19:25;11/09/2019;7:25:25 p. m.;;
POST;E33;Gato;11/09/2019 19:30;11/09/2019;7:30:16 p. m.;;
POST;E33;Gato;11/09/2019 19:45;11/09/2019;7:45:47 p. m.;;
POST;E33;Gato;11/09/2019 19:50;11/09/2019;7:50:03 p. m.;;
POST;E33;Gato;11/09/2019 20:00;11/09/2019;8:00:53 p. m.;;
POST;E33;Gato;11/09/2019 20:28;11/09/2019;8:28:32 p. m.;;
POST;E33;Gato;11/09/2019 20:32;11/09/2019;8:32:05 p. m.;;
POST;E33;Gato;11/09/2019 20:35;11/09/2019;8:35:51 p. m.;;
POST;E33;Gato;11/09/2019 20:39;11/09/2019;8:39:40 p. m.;;
POST;E33;Gato;11/09/2019 20:48;11/09/2019;8:48:24 p. m.;;
POST;E33;Gato;11/09/2019 20:51;11/09/2019;8:51:06 p. m.;;
POST;E33;Gato;11/09/2019 20:57;11/09/2019;8:57:05 p. m.;;
POST;E33;Gato;11/09/2019 21:02;11/09/2019;9:02:55 p. m.;;
POST;E33;Gato;11/09/2019 21:05;11/09/2019;9:05:48 p. m.;;
POST;E33;Gato;11/09/2019 21:14;11/09/2019;9:14:13 p. m.;;
POST;E33;Gato;11/09/2019 21:18;11/09/2019;9:18:49 p. m.;;
POST;E33;Gato;11/09/2019 21:20;11/09/2019;9:20:56 p. m.;;
POST;E33;Gato;11/09/2019 21:28;11/09/2019;9:28:58 p. m.;;
POST;E33;Gato;11/09/2019 21:44;11/09/2019;9:44:12 p. m.;;
POST;E33;Gato;11/09/2019 21:48;11/09/2019;9:48:44 p. m.;;
POST;E33;Gato;11/09/2019 21:51;11/09/2019;9:51:30 p. m.;;
POST;E33;Gato;11/09/2019 21:55;11/09/2019;9:55:55 p. m.;;
POST;E33;Gato;11/09/2019 21:59;11/09/2019;9:59:45 p. m.;;
POST;E33;Gato;12/09/2019 0:08;12/09/2019;12:08:35 a. m.;;
POST;E33;Gato;12/09/2019 0:18;12/09/2019;12:18:01 a. m.;;
POST;E33;Gato;12/09/2019 0:33;12/09/2019;12:33:21 a. m.;;
POST;E33;Gato;12/09/2019 0:44;12/09/2019;12:44:11 a. m.;;
POST;E33;Gato;12/09/2019 1:49;12/09/2019;1:49:12 a. m.;;
POST;E33;Gato;12/09/2019 2:28;12/09/2019;2:28:55 a. m.;;
POST;E33;Gato;12/09/2019 5:06;12/09/2019;5:06:12 a. m.;;
POST;E33;Gato;12/09/2019 5:11;12/09/2019;5:11:49 a. m.;;
POST;E33;Gato;12/09/2019 5:19;12/09/2019;5:19:59 a. m.;;
POST;E33;Gato;12/09/2019 5:22;12/09/2019;5:22:41 a. m.;;
POST;E33;Gato;12/09/2019 5:34;12/09/2019;5:34:45 a. m.;;
POST;E33;Gato;12/09/2019 5:40;12/09/2019;5:40:55 a. m.;;
POST;E33;Gato;12/09/2019 5:51;12/09/2019;5:51:42 a. m.;;
POST;E33;Gato;12/09/2019 6:38;12/09/2019;6:38:21 a. m.;;
POST;E33;Gato;12/09/2019 7:01;12/09/2019;7:01:08 a. m.;;
POST;E33;Gato;12/09/2019 7:10;12/09/2019;7:10:39 a. m.;;
POST;E33;Gato;12/09/2019 7:16;12/09/2019;7:16:40 a. m.;;
POST;E33;Gato;12/09/2019 8:10;12/09/2019;8:10:23 a. m.;;
POST;E33;Gato;12/09/2019 8:14;12/09/2019;8:14:50 a. m.;;
POST;E33;Gato;12/09/2019 8:19;12/09/2019;8:19:43 a. m.;;
POST;E33;Gato;12/09/2019 8:36;12/09/2019;8:36:56 a. m.;;
POST;E33;Gato;12/09/2019 8:45;12/09/2019;8:45:42 a. m.;;
POST;E33;Gato;12/09/2019 8:54;12/09/2019;8:54:34 a. m.;;
POST;E33;Gato;12/09/2019 9:00;12/09/2019;9:00:10 a. m.;;
POST;E33;Gato;12/09/2019 9:12;12/09/2019;9:12:44 a. m.;;
POST;E33;Gato;12/09/2019 9:17;12/09/2019;9:17:26 a. m.;;
POST;E33;Gato;12/09/2019 9:29;12/09/2019;9:29:58 a. m.;;
POST;E33;Gato;12/09/2019 9:37;12/09/2019;9:37:08 a. m.;;
POST;E33;Gato;12/09/2019 9:42;12/09/2019;9:42:06 a. m.;;
POST;E33;Gato;12/09/2019 9:48;12/09/2019;9:48:30 a. m.;;
POST;E33;Gato;12/09/2019 9:53;12/09/2019;9:53:49 a. m.;;
POST;E33;Gato;12/09/2019 10:06;12/09/2019;10:06:56 a. m.;;
POST;E33;Gato;12/09/2019 10:12;12/09/2019;10:12:12 a. m.;;
POST;E33;Gato;12/09/2019 10:25;12/09/2019;10:25:20 a. m.;;
POST;E33;Gato;12/09/2019 10:33;12/09/2019;10:33:54 a. m.;;
POST;E33;Gato;12/09/2019 10:40;12/09/2019;10:40:19 a. m.;;
POST;E33;Gato;12/09/2019 10:50;12/09/2019;10:50:58 a. m.;;
POST;E33;Gato;12/09/2019 10:55;12/09/2019;10:55:53 a. m.;;
POST;E33;Gato;12/09/2019 11:00;12/09/2019;11:00:13 a. m.;;
POST;E33;Gato;12/09/2019 11:07;12/09/2019;11:07:53 a. m.;;
POST;E33;Gato;12/09/2019 11:11;12/09/2019;11:11:58 a. m.;;
POST;E33;Gato;12/09/2019 11:14;12/09/2019;11:14:36 a. m.;;
POST;E33;Gato;12/09/2019 11:18;12/09/2019;11:18:17 a. m.;;
POST;E33;Gato;12/09/2019 11:22;12/09/2019;11:22:02 a. m.;;
POST;E33;Gato;12/09/2019 11:30;12/09/2019;11:30:52 a. m.;;
POST;E33;Gato;12/09/2019 11:39;12/09/2019;11:39:16 a. m.;;
POST;E33;Gato;12/09/2019 11:42;12/09/2019;11:42:49 a. m.;;
POST;E33;Gato;12/09/2019 11:47;12/09/2019;11:47:18 a. m.;;
POST;E33;Gato;12/09/2019 11:49;12/09/2019;11:49:46 a. m.;;
POST;E33;Gato;12/09/2019 12:02;12/09/2019;12:02:26 p. m.;;
POST;E33;Gato;12/09/2019 12:17;12/09/2019;12:17:29 p. m.;;
POST;E33;Gato;12/09/2019 12:22;12/09/2019;12:22:24 p. m.;;
POST;E33;Gato;12/09/2019 12:55;12/09/2019;12:55:13 p. m.;;
POST;E33;Gato;12/09/2019 12:59;12/09/2019;12:59:00 p. m.;;
POST;E33;Gato;12/09/2019 13:05;12/09/2019;1:05:38 p. m.;;
POST;E33;Gato;12/09/2019 13:16;12/09/2019;1:16:17 p. m.;;
POST;E33;Gato;12/09/2019 13:31;12/09/2019;1:31:32 p. m.;;
POST;E33;Gato;12/09/2019 13:38;12/09/2019;1:38:35 p. m.;;
POST;E33;Gato;12/09/2019 13:44;12/09/2019;1:44:26 p. m.;;
POST;E33;Gato;12/09/2019 13:48;12/09/2019;1:48:57 p. m.;;
POST;E33;Gato;12/09/2019 13:52;12/09/2019;1:52:16 p. m.;;
POST;E33;Gato;12/09/2019 13:54;12/09/2019;1:54:46 p. m.;;
POST;E33;Gato;12/09/2019 13:57;12/09/2019;1:57:57 p. m.;;
POST;E33;Gato;12/09/2019 14:06;12/09/2019;2:06:16 p. m.;;
POST;E33;Gato;12/09/2019 14:16;12/09/2019;2:16:22 p. m.;;
POST;E33;Gato;12/09/2019 14:41;12/09/2019;2:41:28 p. m.;;
POST;E33;Gato;12/09/2019 14:47;12/09/2019;2:47:11 p. m.;;
POST;E33;Gato;12/09/2019 15:00;12/09/2019;3:00:05 p. m.;;
POST;E33;Gato;12/09/2019 15:03;12/09/2019;3:03:49 p. m.;;
POST;E33;Gato;12/09/2019 15:11;12/09/2019;3:11:49 p. m.;;
POST;E33;Gato;12/09/2019 15:14;12/09/2019;3:14:52 p. m.;;
POST;E33;Gato;12/09/2019 15:21;12/09/2019;3:21:20 p. m.;;
POST;E33;Gato;12/09/2019 15:23;12/09/2019;3:23:39 p. m.;;
POST;E33;Gato;12/09/2019 15:46;12/09/2019;3:46:06 p. m.;;
POST;E33;Gato;12/09/2019 15:59;12/09/2019;3:59:01 p. m.;;
POST;E33;Gato;12/09/2019 16:13;12/09/2019;4:13:41 p. m.;;
POST;E33;Gato;12/09/2019 16:17;12/09/2019;4:17:28 p. m.;;
POST;E33;Gato;12/09/2019 16:21;12/09/2019;4:21:08 p. m.;;
POST;E33;Gato;12/09/2019 16:35;12/09/2019;4:35:13 p. m.;;
POST;E33;Gato;12/09/2019 16:44;12/09/2019;4:44:51 p. m.;;
POST;E33;Gato;12/09/2019 16:55;12/09/2019;4:55:47 p. m.;;
POST;E33;Gato;12/09/2019 16:58;12/09/2019;4:58:55 p. m.;;
POST;E33;Gato;12/09/2019 17:02;12/09/2019;5:02:40 p. m.;;
POST;E33;Gato;12/09/2019 17:17;12/09/2019;5:17:05 p. m.;;
POST;E33;Gato;12/09/2019 17:23;12/09/2019;5:23:48 p. m.;;
POST;E33;Gato;12/09/2019 17:30;12/09/2019;5:30:42 p. m.;;
POST;E33;Gato;12/09/2019 17:41;12/09/2019;5:41:23 p. m.;;
POST;E33;Gato;12/09/2019 17:44;12/09/2019;5:44:28 p. m.;;
POST;E33;Gato;12/09/2019 17:51;12/09/2019;5:51:42 p. m.;;
POST;E33;Gato;12/09/2019 18:14;12/09/2019;6:14:50 p. m.;;
POST;E33;Gato;12/09/2019 18:23;12/09/2019;6:23:09 p. m.;;
POST;E33;Gato;12/09/2019 18:27;12/09/2019;6:27:45 p. m.;;
POST;E33;Gato;12/09/2019 18:34;12/09/2019;6:34:36 p. m.;;
POST;E33;Gato;12/09/2019 18:51;12/09/2019;6:51:08 p. m.;;
POST;E33;Gato;12/09/2019 18:59;12/09/2019;6:59:18 p. m.;;
POST;E33;Gato;12/09/2019 19:03;12/09/2019;7:03:46 p. m.;;
POST;E33;Gato;12/09/2019 19:11;12/09/2019;7:11:11 p. m.;;
POST;E33;Gato;12/09/2019 19:15;12/09/2019;7:15:16 p. m.;;
POST;E33;Gato;12/09/2019 19:18;12/09/2019;7:18:28 p. m.;;
POST;E33;Gato;12/09/2019 19:21;12/09/2019;7:21:51 p. m.;;
POST;E33;Gato;12/09/2019 19:49;12/09/2019;7:49:51 p. m.;;
POST;E33;Gato;12/09/2019 19:51;12/09/2019;7:51:54 p. m.;;
POST;E33;Gato;12/09/2019 19:57;12/09/2019;7:57:00 p. m.;;
POST;E33;Gato;12/09/2019 20:03;12/09/2019;8:03:10 p. m.;;
POST;E33;Gato;12/09/2019 20:19;12/09/2019;8:19:46 p. m.;;
POST;E33;Gato;12/09/2019 20:28;12/09/2019;8:28:28 p. m.;;
POST;E33;Gato;12/09/2019 20:44;12/09/2019;8:44:49 p. m.;;
POST;E33;Gato;12/09/2019 20:56;12/09/2019;8:56:52 p. m.;;
POST;E33;Gato;12/09/2019 21:00;12/09/2019;9:00:24 p. m.;;
POST;E33;Gato;12/09/2019 21:08;12/09/2019;9:08:09 p. m.;;
POST;E33;Gato;12/09/2019 21:11;12/09/2019;9:11:10 p. m.;;
POST;E33;Gato;12/09/2019 21:14;12/09/2019;9:14:43 p. m.;;
POST;E33;Gato;12/09/2019 21:18;12/09/2019;9:18:18 p. m.;;
POST;E33;Gato;12/09/2019 21:23;12/09/2019;9:23:25 p. m.;;
POST;E33;Gato;12/09/2019 21:27;12/09/2019;9:27:51 p. m.;;
POST;E33;Gato;12/09/2019 21:32;12/09/2019;9:32:11 p. m.;;
POST;E33;Gato;12/09/2019 21:36;12/09/2019;9:36:44 p. m.;;
POST;E33;Gato;12/09/2019 21:51;12/09/2019;9:51:39 p. m.;;
POST;E33;Gato;12/09/2019 21:59;12/09/2019;9:59:55 p. m.;;
POST;E33;Gato;12/09/2019 22:08;12/09/2019;10:08:00 p. m.;;
POST;E33;Gato;12/09/2019 22:10;12/09/2019;10:10:28 p. m.;;
POST;E33;Gato;12/09/2019 22:19;12/09/2019;10:19:11 p. m.;;
POST;E33;Gato;12/09/2019 22:28;12/09/2019;10:28:58 p. m.;;
POST;E33;Gato;12/09/2019 23:02;12/09/2019;11:02:46 p. m.;;
POST;E33;Gato;12/09/2019 23:13;12/09/2019;11:13:27 p. m.;;
POST;E33;Gato;12/09/2019 23:19;12/09/2019;11:19:43 p. m.;;
POST;E33;Gato;12/09/2019 23:23;12/09/2019;11:23:17 p. m.;;
POST;E33;Gato;12/09/2019 23:32;12/09/2019;11:32:46 p. m.;;
POST;E33;Gato;12/09/2019 23:49;12/09/2019;11:49:49 p. m.;;
POST;E33;Gato;12/09/2019 23:52;12/09/2019;11:52:22 p. m.;;
POST;E33;Gato;13/09/2019 8:30;13/09/2019;8:30:10 a. m.;;
POST;E33;Gato;13/09/2019 8:45;13/09/2019;8:45:21 a. m.;;
POST;E33;Gato;13/09/2019 9:17;13/09/2019;9:17:09 a. m.;;
POST;E33;Gato;13/09/2019 9:19;13/09/2019;9:19:30 a. m.;;
POST;E33;Gato;13/09/2019 9:24;13/09/2019;9:24:18 a. m.;;
POST;E33;Gato;13/09/2019 9:28;13/09/2019;9:28:49 a. m.;;
POST;E33;Gato;13/09/2019 9:32;13/09/2019;9:32:48 a. m.;;
POST;E33;Gato;13/09/2019 9:35;13/09/2019;9:35:01 a. m.;;
POST;E33;Gato;13/09/2019 9:39;13/09/2019;9:39:16 a. m.;;
POST;E33;Gato;13/09/2019 9:47;13/09/2019;9:47:22 a. m.;;
POST;E33;Gato;13/09/2019 9:52;13/09/2019;9:52:18 a. m.;;
POST;E33;Gato;13/09/2019 10:09;13/09/2019;10:09:48 a. m.;;
POST;E33;Gato;13/09/2019 10:18;13/09/2019;10:18:04 a. m.;;
POST;E33;Gato;13/09/2019 10:26;13/09/2019;10:26:21 a. m.;;
POST;E33;Gato;13/09/2019 10:29;13/09/2019;10:29:22 a. m.;;
POST;E33;Gato;13/09/2019 10:44;13/09/2019;10:44:46 a. m.;;
POST;E33;Gato;13/09/2019 10:57;13/09/2019;10:57:04 a. m.;;
POST;E33;Gato;13/09/2019 11:17;13/09/2019;11:17:57 a. m.;;
POST;E33;Gato;13/09/2019 11:22;13/09/2019;11:22:28 a. m.;;
POST;E33;Gato;13/09/2019 11:39;13/09/2019;11:39:21 a. m.;;
POST;E33;Gato;13/09/2019 11:43;13/09/2019;11:43:11 a. m.;;
POST;E33;Gato;13/09/2019 11:52;13/09/2019;11:52:03 a. m.;;
POST;E33;Gato;13/09/2019 11:58;13/09/2019;11:58:53 a. m.;;
POST;E33;Gato;13/09/2019 12:03;13/09/2019;12:03:23 p. m.;;
POST;E33;Gato;13/09/2019 12:10;13/09/2019;12:10:01 p. m.;;
POST;E33;Gato;13/09/2019 12:15;13/09/2019;12:15:00 p. m.;;
POST;E33;Gato;13/09/2019 12:20;13/09/2019;12:20:31 p. m.;;
POST;E33;Gato;13/09/2019 12:23;13/09/2019;12:23:42 p. m.;;
POST;E33;Gato;13/09/2019 12:45;13/09/2019;12:45:37 p. m.;;
POST;E33;Gato;13/09/2019 12:47;13/09/2019;12:47:56 p. m.;;
POST;E33;Gato;13/09/2019 12:52;13/09/2019;12:52:45 p. m.;;
POST;E33;Gato;13/09/2019 12:55;13/09/2019;12:55:03 p. m.;;
POST;E33;Gato;13/09/2019 13:05;13/09/2019;1:05:26 p. m.;;
POST;E33;Gato;13/09/2019 13:10;13/09/2019;1:10:32 p. m.;;
POST;E33;Gato;13/09/2019 13:13;13/09/2019;1:13:49 p. m.;;
POST;E33;Gato;13/09/2019 13:28;13/09/2019;1:28:36 p. m.;;
POST;E33;Gato;13/09/2019 13:30;13/09/2019;1:30:47 p. m.;;
POST;E33;Gato;13/09/2019 13:33;13/09/2019;1:33:27 p. m.;;
POST;E33;Gato;13/09/2019 13:36;13/09/2019;1:36:15 p. m.;;
POST;E33;Gato;13/09/2019 13:47;13/09/2019;1:47:25 p. m.;;
POST;E33;Gato;13/09/2019 13:52;13/09/2019;1:52:07 p. m.;;
POST;E33;Gato;13/09/2019 13:54;13/09/2019;1:54:26 p. m.;;
POST;E33;Gato;13/09/2019 13:59;13/09/2019;1:59:19 p. m.;;
POST;E33;Gato;13/09/2019 14:02;13/09/2019;2:02:35 p. m.;;
POST;E33;Gato;13/09/2019 14:14;13/09/2019;2:14:06 p. m.;;
POST;E33;Gato;13/09/2019 14:22;13/09/2019;2:22:13 p. m.;;
POST;E33;Gato;13/09/2019 14:25;13/09/2019;2:25:34 p. m.;;
POST;E33;Gato;13/09/2019 14:27;13/09/2019;2:27:41 p. m.;;
POST;E33;Gato;13/09/2019 15:07;13/09/2019;3:07:57 p. m.;;
POST;E33;Gato;13/09/2019 15:11;13/09/2019;3:11:08 p. m.;;
POST;E33;Gato;13/09/2019 15:16;13/09/2019;3:16:37 p. m.;;
POST;E33;Gato;13/09/2019 15:50;13/09/2019;3:50:22 p. m.;;
POST;E33;Gato;13/09/2019 15:52;13/09/2019;3:52:51 p. m.;;
POST;E33;Gato;13/09/2019 16:00;13/09/2019;4:00:39 p. m.;;
POST;E33;Gato;13/09/2019 16:04;13/09/2019;4:04:50 p. m.;;
POST;E33;Gato;13/09/2019 16:10;13/09/2019;4:10:50 p. m.;;
POST;E33;Gato;13/09/2019 16:38;13/09/2019;4:38:53 p. m.;;
POST;E33;Gato;13/09/2019 17:17;13/09/2019;5:17:07 p. m.;;
POST;E33;Gato;13/09/2019 17:39;13/09/2019;5:39:12 p. m.;;
POST;E33;Gato;13/09/2019 17:42;13/09/2019;5:42:09 p. m.;;
POST;E33;Gato;13/09/2019 17:46;13/09/2019;5:46:26 p. m.;;
POST;E33;Gato;13/09/2019 17:54;13/09/2019;5:54:01 p. m.;;
POST;E33;Gato;13/09/2019 18:13;13/09/2019;6:13:49 p. m.;;
POST;E33;Gato;13/09/2019 18:41;13/09/2019;6:41:41 p. m.;;
POST;E33;Gato;13/09/2019 18:55;13/09/2019;6:55:23 p. m.;;
POST;E33;Gato;13/09/2019 19:00;13/09/2019;7:00:03 p. m.;;
POST;E33;Gato;13/09/2019 19:06;13/09/2019;7:06:45 p. m.;;
POST;E33;Gato;13/09/2019 19:11;13/09/2019;7:11:14 p. m.;;
POST;E33;Gato;13/09/2019 19:32;13/09/2019;7:32:24 p. m.;;
POST;E33;Gato;13/09/2019 19:37;13/09/2019;7:37:28 p. m.;;
POST;E33;Gato;13/09/2019 19:45;13/09/2019;7:45:18 p. m.;;
POST;E33;Gato;13/09/2019 19:57;13/09/2019;7:57:41 p. m.;;
POST;E33;Gato;13/09/2019 20:04;13/09/2019;8:04:05 p. m.;;
POST;E33;Gato;13/09/2019 20:06;13/09/2019;8:06:25 p. m.;;
POST;E33;Gato;13/09/2019 20:11;13/09/2019;8:11:28 p. m.;;
POST;E33;Gato;13/09/2019 20:19;13/09/2019;8:19:32 p. m.;;
POST;E33;Gato;13/09/2019 20:30;13/09/2019;8:30:01 p. m.;;
POST;E33;Gato;13/09/2019 20:33;13/09/2019;8:33:18 p. m.;;
POST;E33;Gato;13/09/2019 20:40;13/09/2019;8:40:43 p. m.;;
POST;E33;Gato;13/09/2019 20:46;13/09/2019;8:46:11 p. m.;;
POST;E33;Gato;13/09/2019 20:48;13/09/2019;8:48:45 p. m.;;
POST;E33;Gato;13/09/2019 20:51;13/09/2019;8:51:19 p. m.;;
POST;E33;Gato;13/09/2019 20:54;13/09/2019;8:54:59 p. m.;;
POST;E33;Gato;13/09/2019 21:02;13/09/2019;9:02:04 p. m.;;
POST;E33;Gato;13/09/2019 21:05;13/09/2019;9:05:31 p. m.;;
POST;E33;Gato;13/09/2019 21:07;13/09/2019;9:07:47 p. m.;;
POST;E33;Gato;13/09/2019 21:50;13/09/2019;9:50:47 p. m.;;
POST;E33;Gato;13/09/2019 22:09;13/09/2019;10:09:10 p. m.;;
POST;E33;Gato;13/09/2019 22:11;13/09/2019;10:11:56 p. m.;;
POST;E33;Gato;13/09/2019 22:25;13/09/2019;10:25:01 p. m.;;
POST;E33;Gato;13/09/2019 22:28;13/09/2019;10:28:11 p. m.;;
POST;E33;Gato;13/09/2019 22:31;13/09/2019;10:31:08 p. m.;;
POST;E33;Gato;13/09/2019 22:33;13/09/2019;10:33:55 p. m.;;
POST;E33;Gato;13/09/2019 22:43;13/09/2019;10:43:04 p. m.;;
POST;E33;Gato;13/09/2019 23:05;13/09/2019;11:05:46 p. m.;;
POST;E33;Gato;13/09/2019 23:09;13/09/2019;11:09:40 p. m.;;
POST;E33;Gato;13/09/2019 23:17;13/09/2019;11:17:24 p. m.;;
POST;E33;Gato;13/09/2019 23:19;13/09/2019;11:19:59 p. m.;;
POST;E33;Gato;13/09/2019 23:46;13/09/2019;11:46:44 p. m.;;
POST;E33;Gato;14/09/2019 0:06;14/09/2019;12:06:34 a. m.;;
POST;E33;Gato;14/09/2019 0:11;14/09/2019;12:11:51 a. m.;;
POST;E33;Gato;14/09/2019 2:57;14/09/2019;2:57:29 a. m.;;
POST;E33;Gato;14/09/2019 4:33;14/09/2019;4:33:15 a. m.;;
POST;E33;Gato;14/09/2019 4:54;14/09/2019;4:54:12 a. m.;;
POST;E33;Gato;14/09/2019 5:58;14/09/2019;5:58:51 a. m.;;
POST;E33;Gato;14/09/2019 6:07;14/09/2019;6:07:05 a. m.;;
POST;E33;Gato;14/09/2019 6:24;14/09/2019;6:24:52 a. m.;;
POST;E33;Gato;14/09/2019 7:22;14/09/2019;7:22:03 a. m.;;
POST;E33;Gato;14/09/2019 7:48;14/09/2019;7:48:09 a. m.;;
POST;E33;Gato;14/09/2019 8:08;14/09/2019;8:08:48 a. m.;;
POST;E33;Gato;14/09/2019 8:43;14/09/2019;8:43:49 a. m.;;
POST;E33;Gato;14/09/2019 8:52;14/09/2019;8:52:56 a. m.;;
POST;E33;Gato;14/09/2019 9:17;14/09/2019;9:17:08 a. m.;;
POST;E33;Gato;14/09/2019 9:29;14/09/2019;9:29:27 a. m.;;
POST;E33;Gato;14/09/2019 9:35;14/09/2019;9:35:57 a. m.;;
POST;E33;Gato;14/09/2019 9:48;14/09/2019;9:48:03 a. m.;;
POST;E33;Gato;14/09/2019 9:52;14/09/2019;9:52:34 a. m.;;
POST;E33;Gato;14/09/2019 10:05;14/09/2019;10:05:55 a. m.;;
POST;E33;Gato;14/09/2019 10:11;14/09/2019;10:11:38 a. m.;;
POST;E33;Gato;14/09/2019 10:14;14/09/2019;10:14:21 a. m.;;
POST;E33;Gato;14/09/2019 10:17;14/09/2019;10:17:44 a. m.;;
POST;E33;Gato;14/09/2019 10:23;14/09/2019;10:23:18 a. m.;;
POST;E33;Gato;14/09/2019 10:27;14/09/2019;10:27:33 a. m.;;
POST;E33;Gato;14/09/2019 10:34;14/09/2019;10:34:00 a. m.;;
POST;E33;Gato;14/09/2019 10:49;14/09/2019;10:49:10 a. m.;;
POST;E33;Gato;14/09/2019 10:53;14/09/2019;10:53:11 a. m.;;
POST;E33;Gato;14/09/2019 11:00;14/09/2019;11:00:29 a. m.;;
POST;E33;Gato;14/09/2019 11:04;14/09/2019;11:04:29 a. m.;;
POST;E33;Gato;14/09/2019 11:06;14/09/2019;11:06:39 a. m.;;
POST;E33;Gato;14/09/2019 11:19;14/09/2019;11:19:32 a. m.;;
POST;E33;Gato;14/09/2019 11:34;14/09/2019;11:34:05 a. m.;;
POST;E33;Gato;14/09/2019 12:33;14/09/2019;12:33:56 p. m.;;
POST;E33;Gato;14/09/2019 12:46;14/09/2019;12:46:14 p. m.;;
POST;E33;Gato;14/09/2019 12:55;14/09/2019;12:55:55 p. m.;;
POST;E33;Gato;14/09/2019 13:07;14/09/2019;1:07:34 p. m.;;
POST;E33;Gato;14/09/2019 13:13;14/09/2019;1:13:38 p. m.;;
POST;E33;Gato;14/09/2019 13:16;14/09/2019;1:16:39 p. m.;;
POST;E33;Gato;14/09/2019 13:20;14/09/2019;1:20:56 p. m.;;
POST;E33;Gato;14/09/2019 13:23;14/09/2019;1:23:55 p. m.;;
POST;E33;Gato;14/09/2019 13:31;14/09/2019;1:31:28 p. m.;;
POST;E33;Gato;14/09/2019 13:41;14/09/2019;1:41:44 p. m.;;
POST;E33;Gato;14/09/2019 13:45;14/09/2019;1:45:19 p. m.;;
POST;E33;Gato;14/09/2019 13:51;14/09/2019;1:51:55 p. m.;;
POST;E33;Gato;14/09/2019 13:58;14/09/2019;1:58:54 p. m.;;
POST;E33;Gato;14/09/2019 14:02;14/09/2019;2:02:05 p. m.;;
POST;E33;Gato;14/09/2019 14:20;14/09/2019;2:20:49 p. m.;;
POST;E33;Gato;14/09/2019 14:25;14/09/2019;2:25:09 p. m.;;
POST;E33;Gato;14/09/2019 14:33;14/09/2019;2:33:29 p. m.;;
POST;E33;Gato;14/09/2019 14:48;14/09/2019;2:48:03 p. m.;;
POST;E33;Gato;14/09/2019 15:01;14/09/2019;3:01:46 p. m.;;
POST;E33;Gato;14/09/2019 15:41;14/09/2019;3:41:27 p. m.;;
POST;E33;Gato;14/09/2019 15:49;14/09/2019;3:49:53 p. m.;;
POST;E33;Gato;14/09/2019 16:01;14/09/2019;4:01:58 p. m.;;
POST;E33;Gato;14/09/2019 16:26;14/09/2019;4:26:30 p. m.;;
POST;E33;Gato;14/09/2019 16:42;14/09/2019;4:42:09 p. m.;;
POST;E33;Gato;14/09/2019 16:59;14/09/2019;4:59:51 p. m.;;
POST;E33;Gato;14/09/2019 17:21;14/09/2019;5:21:09 p. m.;;
POST;E33;Gato;14/09/2019 17:23;14/09/2019;5:23:43 p. m.;;
POST;E33;Gato;14/09/2019 17:29;14/09/2019;5:29:45 p. m.;;
POST;E33;Gato;14/09/2019 17:43;14/09/2019;5:43:39 p. m.;;
POST;E33;Gato;14/09/2019 18:00;14/09/2019;6:00:57 p. m.;;
POST;E33;Gato;14/09/2019 18:13;14/09/2019;6:13:00 p. m.;;
POST;E33;Gato;14/09/2019 18:18;14/09/2019;6:18:51 p. m.;;
POST;E33;Gato;14/09/2019 18:25;14/09/2019;6:25:22 p. m.;;
POST;E33;Gato;14/09/2019 18:31;14/09/2019;6:31:08 p. m.;;
POST;E33;Gato;14/09/2019 18:39;14/09/2019;6:39:20 p. m.;;
POST;E33;Gato;14/09/2019 18:44;14/09/2019;6:44:40 p. m.;;
POST;E33;Gato;14/09/2019 18:50;14/09/2019;6:50:43 p. m.;;
POST;E33;Gato;14/09/2019 18:52;14/09/2019;6:52:45 p. m.;;
POST;E33;Gato;14/09/2019 18:56;14/09/2019;6:56:40 p. m.;;
POST;E33;Gato;14/09/2019 19:00;14/09/2019;7:00:28 p. m.;;
POST;E33;Gato;14/09/2019 19:07;14/09/2019;7:07:17 p. m.;;
POST;E33;Gato;14/09/2019 19:12;14/09/2019;7:12:20 p. m.;;
POST;E33;Gato;14/09/2019 19:14;14/09/2019;7:14:52 p. m.;;
POST;E33;Gato;14/09/2019 19:19;14/09/2019;7:19:55 p. m.;;
POST;E33;Gato;14/09/2019 19:32;14/09/2019;7:32:21 p. m.;;
POST;E33;Gato;14/09/2019 19:34;14/09/2019;7:34:35 p. m.;;
POST;E33;Gato;14/09/2019 19:36;14/09/2019;7:36:39 p. m.;;
POST;E33;Gato;14/09/2019 19:41;14/09/2019;7:41:32 p. m.;;
POST;E33;Gato;14/09/2019 19:45;14/09/2019;7:45:20 p. m.;;
POST;E33;Gato;14/09/2019 19:50;14/09/2019;7:50:39 p. m.;;
POST;E33;Gato;14/09/2019 19:54;14/09/2019;7:54:20 p. m.;;
POST;E33;Gato;14/09/2019 20:08;14/09/2019;8:08:53 p. m.;;
POST;E33;Gato;14/09/2019 20:11;14/09/2019;8:11:05 p. m.;;
POST;E33;Gato;14/09/2019 20:13;14/09/2019;8:13:49 p. m.;;
POST;E33;Gato;14/09/2019 20:16;14/09/2019;8:16:46 p. m.;;
POST;E33;Gato;14/09/2019 20:19;14/09/2019;8:19:25 p. m.;;
POST;E33;Gato;14/09/2019 20:21;14/09/2019;8:21:32 p. m.;;
POST;E33;Gato;14/09/2019 20:27;14/09/2019;8:27:52 p. m.;;
POST;E33;Gato;14/09/2019 20:41;14/09/2019;8:41:09 p. m.;;
POST;E33;Gato;14/09/2019 20:44;14/09/2019;8:44:09 p. m.;;
POST;E33;Gato;14/09/2019 20:48;14/09/2019;8:48:18 p. m.;;
POST;E33;Gato;14/09/2019 20:51;14/09/2019;8:51:41 p. m.;;
POST;E33;Gato;14/09/2019 20:55;14/09/2019;8:55:06 p. m.;;
POST;E33;Gato;14/09/2019 21:08;14/09/2019;9:08:15 p. m.;;
POST;E33;Gato;14/09/2019 21:10;14/09/2019;9:10:39 p. m.;;
POST;E33;Gato;14/09/2019 21:23;14/09/2019;9:23:07 p. m.;;
POST;E33;Gato;14/09/2019 21:27;14/09/2019;9:27:55 p. m.;;
POST;E33;Gato;14/09/2019 21:31;14/09/2019;9:31:53 p. m.;;
POST;E33;Gato;14/09/2019 21:34;14/09/2019;9:34:44 p. m.;;
POST;E33;Gato;14/09/2019 21:37;14/09/2019;9:37:56 p. m.;;
POST;E33;Gato;14/09/2019 21:41;14/09/2019;9:41:32 p. m.;;
POST;E33;Gato;14/09/2019 21:59;14/09/2019;9:59:28 p. m.;;
POST;E33;Gato;14/09/2019 22:04;14/09/2019;10:04:12 p. m.;;
POST;E33;Gato;14/09/2019 22:09;14/09/2019;10:09:53 p. m.;;
POST;E33;Gato;14/09/2019 22:13;14/09/2019;10:13:09 p. m.;;
POST;E33;Gato;14/09/2019 22:27;14/09/2019;10:27:06 p. m.;;
POST;E33;Gato;14/09/2019 22:29;14/09/2019;10:29:27 p. m.;;
POST;E33;Gato;14/09/2019 22:36;14/09/2019;10:36:32 p. m.;;
POST;E33;Gato;14/09/2019 22:39;14/09/2019;10:39:00 p. m.;;
POST;E33;Gato;14/09/2019 22:41;14/09/2019;10:41:28 p. m.;;
POST;E33;Gato;14/09/2019 22:53;14/09/2019;10:53:38 p. m.;;
POST;E33;Gato;14/09/2019 22:58;14/09/2019;10:58:57 p. m.;;
POST;E33;Gato;14/09/2019 23:02;14/09/2019;11:02:08 p. m.;;
POST;E33;Gato;14/09/2019 23:20;14/09/2019;11:20:17 p. m.;;
POST;E33;Gato;14/09/2019 23:24;14/09/2019;11:24:10 p. m.;;
POST;E33;Gato;14/09/2019 23:34;14/09/2019;11:34:40 p. m.;;
POST;E33;Gato;14/09/2019 23:42;14/09/2019;11:42:01 p. m.;;
POST;E33;Gato;14/09/2019 23:50;14/09/2019;11:50:04 p. m.;;
POST;E33;Gato;15/09/2019 0:01;15/09/2019;12:01:29 a. m.;;
POST;E33;Gato;15/09/2019 0:05;15/09/2019;12:05:06 a. m.;;
POST;E33;Gato;15/09/2019 0:07;15/09/2019;12:07:31 a. m.;;
POST;E33;Gato;15/09/2019 0:11;15/09/2019;12:11:26 a. m.;;
POST;E33;Gato;15/09/2019 0:17;15/09/2019;12:17:26 a. m.;;
POST;E33;Gato;15/09/2019 0:20;15/09/2019;12:20:39 a. m.;;
POST;E33;Gato;15/09/2019 0:23;15/09/2019;12:23:35 a. m.;;
POST;E33;Gato;15/09/2019 0:37;15/09/2019;12:37:43 a. m.;;
POST;E33;Gato;15/09/2019 0:54;15/09/2019;12:54:15 a. m.;;
POST;E33;Gato;15/09/2019 1:47;15/09/2019;1:47:37 a. m.;;
POST;E33;Gato;15/09/2019 1:55;15/09/2019;1:55:22 a. m.;;
POST;E33;Gato;15/09/2019 1:59;15/09/2019;1:59:46 a. m.;;
POST;E33;Gato;15/09/2019 2:52;15/09/2019;2:52:09 a. m.;;
POST;E33;Gato;15/09/2019 3:04;15/09/2019;3:04:27 a. m.;;
POST;E33;Gato;15/09/2019 3:19;15/09/2019;3:19:42 a. m.;;
POST;E33;Gato;15/09/2019 4:05;15/09/2019;4:05:57 a. m.;;
POST;E33;Gato;15/09/2019 8:10;15/09/2019;8:10:35 a. m.;;
POST;E33;Gato;15/09/2019 8:50;15/09/2019;8:50:22 a. m.;;
POST;E33;Gato;15/09/2019 8:53;15/09/2019;8:53:26 a. m.;;
POST;E33;Gato;15/09/2019 9:06;15/09/2019;9:06:15 a. m.;;
POST;E33;Perro;10/09/2019 10:54;10/09/2019;10:54:00 a. m.;;
POST;E33;Perro;10/09/2019 17:56;10/09/2019;5:56:49 p. m.;;
POST;E33;Perro;11/09/2019 13:38;11/09/2019;1:38:36 p. m.;;
POST;E33;Perro;11/09/2019 13:41;11/09/2019;1:41:38 p. m.;;
POST;E33;Perro;11/09/2019 17:39;11/09/2019;5:39:29 p. m.;;
POST;E33;Perro;13/09/2019 15:49;13/09/2019;3:49:58 p. m.;;
POST;E33;Persona;10/09/2019 10:10;10/09/2019;10:10:57 a. m.;;
POST;E33;Persona;10/09/2019 12:45;10/09/2019;12:45:39 p. m.;;
POST;E33;Persona;10/09/2019 17:34;10/09/2019;5:34:09 p. m.;;
POST;E33;Persona;10/09/2019 21:55;10/09/2019;9:55:31 p. m.;;
POST;E33;Persona;11/09/2019 0:57;11/09/2019;12:57:37 a. m.;;
POST;E33;Persona;11/09/2019 16:54;11/09/2019;4:54:27 p. m.;;
POST;E33;Persona;11/09/2019 18:21;11/09/2019;6:21:06 p. m.;;
POST;E33;Persona;12/09/2019 0:45;12/09/2019;12:45:52 a. m.;;
POST;E33;Persona;12/09/2019 7:01;12/09/2019;7:01:53 a. m.;;
POST;E33;Persona;12/09/2019 16:34;12/09/2019;4:34:50 p. m.;;
POST;E33;Persona;12/09/2019 17:29;12/09/2019;5:29:10 p. m.;;
POST;E33;Persona;12/09/2019 17:45;12/09/2019;5:45:49 p. m.;;
POST;E33;Persona;13/09/2019 6:49;13/09/2019;6:49:39 a. m.;;
POST;E33;Persona;13/09/2019 12:42;13/09/2019;12:42:15 p. m.;;
POST;E33;Persona;13/09/2019 15:49;13/09/2019;3:49:58 p. m.;;
POST;E33;Persona;13/09/2019 20:48;13/09/2019;8:48:36 p. m.;;
POST;E33;Persona;14/09/2019 10:04;14/09/2019;10:04:10 a. m.;;
POST;E33;Persona;14/09/2019 10:26;14/09/2019;10:26:39 a. m.;;
POST;E34;Gato;10/09/2019 9:53;10/09/2019;9:53:14 a. m.;;
POST;E34;Gato;10/09/2019 10:05;10/09/2019;10:05:16 a. m.;;
POST;E34;Gato;10/09/2019 10:11;10/09/2019;10:11:49 a. m.;;
POST;E34;Gato;10/09/2019 10:18;10/09/2019;10:18:12 a. m.;;
POST;E34;Gato;10/09/2019 10:28;10/09/2019;10:28:41 a. m.;;
POST;E34;Gato;10/09/2019 11:09;10/09/2019;11:09:38 a. m.;;
POST;E34;Gato;10/09/2019 11:23;10/09/2019;11:23:40 a. m.;;
POST;E34;Gato;10/09/2019 12:50;10/09/2019;12:50:54 p. m.;;
POST;E34;Gato;10/09/2019 13:07;10/09/2019;1:07:14 p. m.;;
POST;E34;Gato;10/09/2019 13:10;10/09/2019;1:10:11 p. m.;;
POST;E34;Gato;10/09/2019 13:32;10/09/2019;1:32:48 p. m.;;
POST;E34;Gato;10/09/2019 13:44;10/09/2019;1:44:41 p. m.;;
POST;E34;Gato;10/09/2019 13:53;10/09/2019;1:53:50 p. m.;;
POST;E34;Gato;10/09/2019 13:58;10/09/2019;1:58:05 p. m.;;
POST;E34;Gato;10/09/2019 14:00;10/09/2019;2:00:48 p. m.;;
POST;E34;Gato;10/09/2019 14:23;10/09/2019;2:23:26 p. m.;;
POST;E34;Gato;10/09/2019 14:44;10/09/2019;2:44:53 p. m.;;
POST;E34;Gato;10/09/2019 15:02;10/09/2019;3:02:48 p. m.;;
POST;E34;Gato;10/09/2019 15:07;10/09/2019;3:07:45 p. m.;;
POST;E34;Gato;10/09/2019 15:51;10/09/2019;3:51:35 p. m.;;
POST;E34;Gato;10/09/2019 16:29;10/09/2019;4:29:07 p. m.;;
POST;E34;Gato;10/09/2019 17:06;10/09/2019;5:06:54 p. m.;;
POST;E34;Gato;10/09/2019 17:15;10/09/2019;5:15:20 p. m.;;
POST;E34;Gato;10/09/2019 18:05;10/09/2019;6:05:20 p. m.;;
POST;E34;Gato;10/09/2019 18:20;10/09/2019;6:20:44 p. m.;;
POST;E34;Gato;10/09/2019 18:33;10/09/2019;6:33:01 p. m.;;
POST;E34;Gato;10/09/2019 18:37;10/09/2019;6:37:34 p. m.;;
POST;E34;Gato;10/09/2019 18:44;10/09/2019;6:44:09 p. m.;;
POST;E34;Gato;10/09/2019 18:56;10/09/2019;6:56:53 p. m.;;
POST;E34;Gato;10/09/2019 19:00;10/09/2019;7:00:21 p. m.;;
POST;E34;Gato;10/09/2019 19:28;10/09/2019;7:28:30 p. m.;;
POST;E34;Gato;10/09/2019 19:37;10/09/2019;7:37:22 p. m.;;
POST;E34;Gato;10/09/2019 19:41;10/09/2019;7:41:54 p. m.;;
POST;E34;Gato;10/09/2019 20:03;10/09/2019;8:03:34 p. m.;;
POST;E34;Gato;10/09/2019 20:26;10/09/2019;8:26:14 p. m.;;
POST;E34;Gato;10/09/2019 22:25;10/09/2019;10:25:48 p. m.;;
POST;E34;Gato;10/09/2019 22:37;10/09/2019;10:37:34 p. m.;;
POST;E34;Gato;11/09/2019 0:18;11/09/2019;12:18:54 a. m.;;
POST;E34;Gato;11/09/2019 1:45;11/09/2019;1:45:39 a. m.;;
POST;E34;Gato;11/09/2019 2:57;11/09/2019;2:57:58 a. m.;;
POST;E34;Gato;11/09/2019 4:14;11/09/2019;4:14:22 a. m.;;
POST;E34;Gato;11/09/2019 4:16;11/09/2019;4:16:48 a. m.;;
POST;E34;Gato;11/09/2019 5:06;11/09/2019;5:06:35 a. m.;;
POST;E34;Gato;11/09/2019 5:48;11/09/2019;5:48:53 a. m.;;
POST;E34;Gato;11/09/2019 6:22;11/09/2019;6:22:48 a. m.;;
POST;E34;Gato;11/09/2019 9:04;11/09/2019;9:04:19 a. m.;;
POST;E34;Gato;11/09/2019 9:11;11/09/2019;9:11:32 a. m.;;
POST;E34;Gato;11/09/2019 9:31;11/09/2019;9:31:09 a. m.;;
POST;E34;Gato;11/09/2019 9:33;11/09/2019;9:33:46 a. m.;;
POST;E34;Gato;11/09/2019 9:45;11/09/2019;9:45:45 a. m.;;
POST;E34;Gato;11/09/2019 10:52;11/09/2019;10:52:01 a. m.;;
POST;E34;Gato;11/09/2019 11:08;11/09/2019;11:08:36 a. m.;;
POST;E34;Gato;11/09/2019 11:30;11/09/2019;11:30:31 a. m.;;
POST;E34;Gato;11/09/2019 11:54;11/09/2019;11:54:05 a. m.;;
POST;E34;Gato;11/09/2019 13:03;11/09/2019;1:03:12 p. m.;;
POST;E34;Gato;11/09/2019 13:10;11/09/2019;1:10:14 p. m.;;
POST;E34;Gato;11/09/2019 13:15;11/09/2019;1:15:44 p. m.;;
POST;E34;Gato;11/09/2019 14:19;11/09/2019;2:19:36 p. m.;;
POST;E34;Gato;11/09/2019 14:51;11/09/2019;2:51:45 p. m.;;
POST;E34;Gato;11/09/2019 15:03;11/09/2019;3:03:45 p. m.;;
POST;E34;Gato;11/09/2019 16:07;11/09/2019;4:07:55 p. m.;;
POST;E34;Gato;11/09/2019 16:16;11/09/2019;4:16:39 p. m.;;
POST;E34;Gato;11/09/2019 16:20;11/09/2019;4:20:51 p. m.;;
POST;E34;Gato;11/09/2019 16:25;11/09/2019;4:25:43 p. m.;;
POST;E34;Gato;11/09/2019 16:43;11/09/2019;4:43:33 p. m.;;
POST;E34;Gato;11/09/2019 17:31;11/09/2019;5:31:09 p. m.;;
POST;E34;Gato;11/09/2019 18:28;11/09/2019;6:28:33 p. m.;;
POST;E34;Gato;11/09/2019 18:33;11/09/2019;6:33:22 p. m.;;
POST;E34;Gato;11/09/2019 18:38;11/09/2019;6:38:07 p. m.;;
POST;E34;Gato;11/09/2019 18:45;11/09/2019;6:45:08 p. m.;;
POST;E34;Gato;11/09/2019 19:06;11/09/2019;7:06:10 p. m.;;
POST;E34;Gato;11/09/2019 19:17;11/09/2019;7:17:33 p. m.;;
POST;E34;Gato;11/09/2019 19:39;11/09/2019;7:39:30 p. m.;;
POST;E34;Gato;11/09/2019 19:55;11/09/2019;7:55:22 p. m.;;
POST;E34;Gato;11/09/2019 19:59;11/09/2019;7:59:10 p. m.;;
POST;E34;Gato;11/09/2019 21:16;11/09/2019;9:16:12 p. m.;;
POST;E34;Gato;11/09/2019 22:11;11/09/2019;10:11:03 p. m.;;
POST;E34;Gato;11/09/2019 22:33;11/09/2019;10:33:46 p. m.;;
POST;E34;Gato;11/09/2019 22:37;11/09/2019;10:37:52 p. m.;;
POST;E34;Gato;11/09/2019 23:22;11/09/2019;11:22:20 p. m.;;
POST;E34;Gato;11/09/2019 23:33;11/09/2019;11:33:18 p. m.;;
POST;E34;Gato;11/09/2019 23:38;11/09/2019;11:38:18 p. m.;;
POST;E34;Gato;12/09/2019 0:32;12/09/2019;12:32:23 a. m.;;
POST;E34;Gato;12/09/2019 1:10;12/09/2019;1:10:00 a. m.;;
POST;E34;Gato;12/09/2019 1:12;12/09/2019;1:12:03 a. m.;;
POST;E34;Gato;12/09/2019 1:15;12/09/2019;1:15:51 a. m.;;
POST;E34;Gato;12/09/2019 2:14;12/09/2019;2:14:17 a. m.;;
POST;E34;Gato;12/09/2019 3:14;12/09/2019;3:14:46 a. m.;;
POST;E34;Gato;12/09/2019 3:51;12/09/2019;3:51:52 a. m.;;
POST;E34;Gato;12/09/2019 4:31;12/09/2019;4:31:27 a. m.;;
POST;E34;Gato;12/09/2019 8:11;12/09/2019;8:11:15 a. m.;;
POST;E34;Gato;12/09/2019 8:52;12/09/2019;8:52:19 a. m.;;
POST;E34;Gato;12/09/2019 9:13;12/09/2019;9:13:13 a. m.;;
POST;E34;Gato;12/09/2019 10:14;12/09/2019;10:14:04 a. m.;;
POST;E34;Gato;12/09/2019 10:50;12/09/2019;10:50:10 a. m.;;
POST;E34;Gato;12/09/2019 11:40;12/09/2019;11:40:52 a. m.;;
POST;E34;Gato;12/09/2019 11:44;12/09/2019;11:44:39 a. m.;;
POST;E34;Gato;12/09/2019 11:48;12/09/2019;11:48:36 a. m.;;
POST;E34;Gato;12/09/2019 12:48;12/09/2019;12:48:58 p. m.;;
POST;E34;Gato;12/09/2019 13:21;12/09/2019;1:21:32 p. m.;;
POST;E34;Gato;12/09/2019 13:58;12/09/2019;1:58:05 p. m.;;
POST;E34;Gato;12/09/2019 14:00;12/09/2019;2:00:08 p. m.;;
POST;E34;Gato;12/09/2019 14:27;12/09/2019;2:27:53 p. m.;;
POST;E34;Gato;12/09/2019 14:35;12/09/2019;2:35:21 p. m.;;
POST;E34;Gato;12/09/2019 14:56;12/09/2019;2:56:34 p. m.;;
POST;E34;Gato;12/09/2019 15:04;12/09/2019;3:04:57 p. m.;;
POST;E34;Gato;12/09/2019 15:11;12/09/2019;3:11:33 p. m.;;
POST;E34;Gato;12/09/2019 15:19;12/09/2019;3:19:01 p. m.;;
POST;E34;Gato;12/09/2019 15:40;12/09/2019;3:40:01 p. m.;;
POST;E34;Gato;12/09/2019 15:42;12/09/2019;3:42:29 p. m.;;
POST;E34;Gato;12/09/2019 15:50;12/09/2019;3:50:39 p. m.;;
POST;E34;Gato;12/09/2019 16:03;12/09/2019;4:03:19 p. m.;;
POST;E34;Gato;12/09/2019 16:46;12/09/2019;4:46:44 p. m.;;
POST;E34;Gato;12/09/2019 17:17;12/09/2019;5:17:15 p. m.;;
POST;E34;Gato;12/09/2019 17:22;12/09/2019;5:22:30 p. m.;;
POST;E34;Gato;12/09/2019 19:19;12/09/2019;7:19:21 p. m.;;
POST;E34;Gato;12/09/2019 20:00;12/09/2019;8:00:12 p. m.;;
POST;E34;Gato;12/09/2019 20:24;12/09/2019;8:24:00 p. m.;;
POST;E34;Gato;12/09/2019 21:08;12/09/2019;9:08:22 p. m.;;
POST;E34;Gato;12/09/2019 21:18;12/09/2019;9:18:10 p. m.;;
POST;E34;Gato;12/09/2019 21:44;12/09/2019;9:44:02 p. m.;;
POST;E34;Gato;12/09/2019 21:59;12/09/2019;9:59:06 p. m.;;
POST;E34;Gato;12/09/2019 22:26;12/09/2019;10:26:07 p. m.;;
POST;E34;Gato;12/09/2019 22:32;12/09/2019;10:32:01 p. m.;;
POST;E34;Gato;12/09/2019 22:35;12/09/2019;10:35:20 p. m.;;
POST;E34;Gato;12/09/2019 22:39;12/09/2019;10:39:10 p. m.;;
POST;E34;Gato;13/09/2019 1:50;13/09/2019;1:50:34 a. m.;;
POST;E34;Gato;13/09/2019 5:01;13/09/2019;5:01:19 a. m.;;
POST;E34;Gato;13/09/2019 5:33;13/09/2019;5:33:58 a. m.;;
POST;E34;Gato;13/09/2019 5:52;13/09/2019;5:52:14 a. m.;;
POST;E34;Gato;13/09/2019 6:15;13/09/2019;6:15:05 a. m.;;
POST;E34;Gato;13/09/2019 7:35;13/09/2019;7:35:12 a. m.;;
POST;E34;Gato;13/09/2019 9:34;13/09/2019;9:34:01 a. m.;;
POST;E34;Gato;13/09/2019 9:49;13/09/2019;9:49:08 a. m.;;
POST;E34;Gato;13/09/2019 10:07;13/09/2019;10:07:31 a. m.;;
POST;E34;Gato;13/09/2019 12:47;13/09/2019;12:47:28 p. m.;;
POST;E34;Gato;13/09/2019 12:57;13/09/2019;12:57:59 p. m.;;
POST;E34;Gato;13/09/2019 13:04;13/09/2019;1:04:05 p. m.;;
POST;E34;Gato;13/09/2019 13:10;13/09/2019;1:10:34 p. m.;;
POST;E34;Gato;13/09/2019 13:13;13/09/2019;1:13:06 p. m.;;
POST;E34;Gato;13/09/2019 13:26;13/09/2019;1:26:14 p. m.;;
POST;E34;Gato;13/09/2019 13:35;13/09/2019;1:35:18 p. m.;;
POST;E34;Gato;13/09/2019 13:48;13/09/2019;1:48:48 p. m.;;
POST;E34;Gato;13/09/2019 14:03;13/09/2019;2:03:07 p. m.;;
POST;E34;Gato;13/09/2019 14:45;13/09/2019;2:45:07 p. m.;;
POST;E34;Gato;13/09/2019 14:52;13/09/2019;2:52:42 p. m.;;
POST;E34;Gato;13/09/2019 15:25;13/09/2019;3:25:45 p. m.;;
POST;E34;Gato;13/09/2019 16:53;13/09/2019;4:53:34 p. m.;;
POST;E34;Gato;13/09/2019 16:59;13/09/2019;4:59:42 p. m.;;
POST;E34;Gato;13/09/2019 17:23;13/09/2019;5:23:41 p. m.;;
POST;E34;Gato;13/09/2019 17:30;13/09/2019;5:30:07 p. m.;;
POST;E34;Gato;13/09/2019 17:54;13/09/2019;5:54:44 p. m.;;
POST;E34;Gato;13/09/2019 18:26;13/09/2019;6:26:22 p. m.;;
POST;E34;Gato;13/09/2019 18:45;13/09/2019;6:45:19 p. m.;;
POST;E34;Gato;13/09/2019 19:14;13/09/2019;7:14:33 p. m.;;
POST;E34;Gato;13/09/2019 19:49;13/09/2019;7:49:36 p. m.;;
POST;E34;Gato;13/09/2019 19:55;13/09/2019;7:55:43 p. m.;;
POST;E34;Gato;13/09/2019 20:00;13/09/2019;8:00:01 p. m.;;
POST;E34;Gato;13/09/2019 20:27;13/09/2019;8:27:40 p. m.;;
POST;E34;Gato;13/09/2019 20:55;13/09/2019;8:55:45 p. m.;;
POST;E34;Gato;13/09/2019 21:29;13/09/2019;9:29:02 p. m.;;
POST;E34;Gato;13/09/2019 21:48;13/09/2019;9:48:34 p. m.;;
POST;E34;Gato;13/09/2019 22:25;13/09/2019;10:25:46 p. m.;;
POST;E34;Gato;13/09/2019 22:51;13/09/2019;10:51:39 p. m.;;
POST;E34;Gato;13/09/2019 23:34;13/09/2019;11:34:32 p. m.;;
POST;E34;Gato;13/09/2019 23:38;13/09/2019;11:38:28 p. m.;;
POST;E34;Gato;13/09/2019 23:53;13/09/2019;11:53:44 p. m.;;
POST;E34;Gato;14/09/2019 0:45;14/09/2019;12:45:38 a. m.;;
POST;E34;Gato;14/09/2019 1:33;14/09/2019;1:33:56 a. m.;;
POST;E34;Gato;14/09/2019 2:36;14/09/2019;2:36:17 a. m.;;
POST;E34;Gato;14/09/2019 3:01;14/09/2019;3:01:59 a. m.;;
POST;E34;Gato;14/09/2019 5:29;14/09/2019;5:29:15 a. m.;;
POST;E34;Gato;14/09/2019 6:17;14/09/2019;6:17:46 a. m.;;
POST;E34;Gato;14/09/2019 6:28;14/09/2019;6:28:10 a. m.;;
POST;E34;Gato;14/09/2019 7:06;14/09/2019;7:06:50 a. m.;;
POST;E34;Gato;14/09/2019 8:02;14/09/2019;8:02:57 a. m.;;
POST;E34;Gato;14/09/2019 8:20;14/09/2019;8:20:43 a. m.;;
POST;E34;Gato;14/09/2019 8:37;14/09/2019;8:37:00 a. m.;;
POST;E34;Gato;14/09/2019 8:42;14/09/2019;8:42:17 a. m.;;
POST;E34;Gato;14/09/2019 9:29;14/09/2019;9:29:53 a. m.;;
POST;E34;Gato;14/09/2019 10:26;14/09/2019;10:26:37 a. m.;;
POST;E34;Gato;14/09/2019 11:55;14/09/2019;11:55:31 a. m.;;
POST;E34;Gato;14/09/2019 12:51;14/09/2019;12:51:53 p. m.;;
POST;E34;Gato;14/09/2019 13:05;14/09/2019;1:05:18 p. m.;;
POST;E34;Gato;14/09/2019 13:18;14/09/2019;1:18:05 p. m.;;
POST;E34;Gato;14/09/2019 14:08;14/09/2019;2:08:51 p. m.;;
POST;E34;Gato;14/09/2019 14:35;14/09/2019;2:35:22 p. m.;;
POST;E34;Gato;14/09/2019 14:41;14/09/2019;2:41:22 p. m.;;
POST;E34;Gato;14/09/2019 14:45;14/09/2019;2:45:01 p. m.;;
POST;E34;Gato;14/09/2019 15:31;14/09/2019;3:31:29 p. m.;;
POST;E34;Gato;14/09/2019 16:58;14/09/2019;4:58:34 p. m.;;
POST;E34;Gato;14/09/2019 18:12;14/09/2019;6:12:52 p. m.;;
POST;E34;Gato;14/09/2019 18:25;14/09/2019;6:25:26 p. m.;;
POST;E34;Gato;14/09/2019 19:08;14/09/2019;7:08:49 p. m.;;
POST;E34;Gato;14/09/2019 19:16;14/09/2019;7:16:03 p. m.;;
POST;E34;Gato;14/09/2019 19:18;14/09/2019;7:18:11 p. m.;;
POST;E34;Gato;14/09/2019 19:21;14/09/2019;7:21:05 p. m.;;
POST;E34;Gato;14/09/2019 19:38;14/09/2019;7:38:55 p. m.;;
POST;E34;Gato;14/09/2019 20:44;14/09/2019;8:44:08 p. m.;;
POST;E34;Gato;14/09/2019 20:56;14/09/2019;8:56:55 p. m.;;
POST;E34;Gato;14/09/2019 21:54;14/09/2019;9:54:52 p. m.;;
POST;E34;Gato;15/09/2019 0:18;15/09/2019;12:18:48 a. m.;;
POST;E34;Gato;15/09/2019 0:37;15/09/2019;12:37:05 a. m.;;
POST;E34;Gato;15/09/2019 0:57;15/09/2019;12:57:12 a. m.;;
POST;E34;Gato;15/09/2019 4:57;15/09/2019;4:57:38 a. m.;;
POST;E34;Gato;15/09/2019 6:14;15/09/2019;6:14:58 a. m.;;
POST;E34;Perro;12/09/2019 6:48;12/09/2019;6:48:40 a. m.;;
POST;E34;Perro;12/09/2019 7:00;12/09/2019;7:00:03 a. m.;;
