"","Station","Species","Cuando","hora_redondeo"
"1","E01","Gato_2018","30/08/2018 11:22","30/08/2018 11:00"
"2","E01","Gato_2018","31/08/2018 11:57","31/08/2018 12:00"
"3","E01","Gato_2018","01/09/2018 9:14","01/09/2018 9:00"
"4","E02","Gato_2018","14/08/2018 21:29","14/08/2018 21:00"
"5","E03","Gato_2018","20/08/2018 20:24","20/08/2018 20:00"
"6","E03","Gato_2018","20/08/2018 21:20","20/08/2018 21:00"
"7","E03","Gato_2018","21/08/2018 1:07","21/08/2018 1:00"
"8","E03","Gato_2018","21/08/2018 2:21","21/08/2018 2:00"
"9","E03","Gato_2018","21/08/2018 3:12","21/08/2018 3:00"
"10","E03","Gato_2018","21/08/2018 3:51","21/08/2018 4:00"
"11","E03","Gato_2018","21/08/2018 4:00","21/08/2018 4:00"
"12","E03","Gato_2018","21/08/2018 10:11","21/08/2018 10:00"
"13","E03","Gato_2018","21/08/2018 14:15","21/08/2018 14:00"
"14","E03","Gato_2018","21/08/2018 14:53","21/08/2018 15:00"
"15","E03","Gato_2018","21/08/2018 14:59","21/08/2018 15:00"
"16","E03","Gato_2018","21/08/2018 20:14","21/08/2018 20:00"
"17","E03","Gato_2018","21/08/2018 20:19","21/08/2018 20:00"
"18","E03","Gato_2018","21/08/2018 20:38","21/08/2018 21:00"
"19","E03","Gato_2018","22/08/2018 2:29","22/08/2018 2:00"
"20","E03","Gato_2018","22/08/2018 3:02","22/08/2018 3:00"
"21","E03","Gato_2018","22/08/2018 3:45","22/08/2018 4:00"
"22","E03","Gato_2018","22/08/2018 9:52","22/08/2018 10:00"
"23","E03","Gato_2018","22/08/2018 12:41","22/08/2018 13:00"
"24","E03","Gato_2018","22/08/2018 13:15","22/08/2018 13:00"
"25","E03","Gato_2018","22/08/2018 18:44","22/08/2018 19:00"
"26","E03","Gato_2018","22/08/2018 18:48","22/08/2018 19:00"
"27","E03","Gato_2018","23/08/2018 3:16","23/08/2018 3:00"
"28","E03","Gato_2018","23/08/2018 4:08","23/08/2018 4:00"
"29","E03","Gato_2018","23/08/2018 9:17","23/08/2018 9:00"
"30","E03","Gato_2018","23/08/2018 14:07","23/08/2018 14:00"
"31","E03","Gato_2018","23/08/2018 14:30","23/08/2018 15:00"
"32","E03","Gato_2018","23/08/2018 15:58","23/08/2018 16:00"
"33","E03","Gato_2018","23/08/2018 16:20","23/08/2018 16:00"
"34","E03","Gato_2018","23/08/2018 18:27","23/08/2018 18:00"
"35","E03","Gato_2018","24/08/2018 2:23","24/08/2018 2:00"
"36","E03","Gato_2018","24/08/2018 6:31","24/08/2018 7:00"
"37","E03","Gato_2018","24/08/2018 7:41","24/08/2018 8:00"
"38","E03","Gato_2018","24/08/2018 7:52","24/08/2018 8:00"
"39","E03","Gato_2018","24/08/2018 10:54","24/08/2018 11:00"
"40","E03","Gato_2018","24/08/2018 11:17","24/08/2018 11:00"
"41","E03","Gato_2018","24/08/2018 12:06","24/08/2018 12:00"
"42","E03","Gato_2018","24/08/2018 13:21","24/08/2018 13:00"
"43","E03","Gato_2018","24/08/2018 13:29","24/08/2018 13:00"
"44","E03","Gato_2018","24/08/2018 21:38","24/08/2018 22:00"
"45","E03","Gato_2018","25/08/2018 6:30","25/08/2018 7:00"
"46","E03","Gato_2018","25/08/2018 9:29","25/08/2018 9:00"
"47","E04","Gato_2018","13/08/2018 18:26","13/08/2018 18:00"
"48","E04","Gato_2018","15/08/2018 15:04","15/08/2018 15:00"
"49","E04","Gato_2018","16/08/2018 9:42","16/08/2018 10:00"
"50","E04","Gato_2018","18/08/2018 6:39","18/08/2018 7:00"
"51","E05","Gato_2018","14/08/2018 7:36","14/08/2018 8:00"
"52","E05","Gato_2018","14/08/2018 11:28","14/08/2018 11:00"
"53","E05","Gato_2018","15/08/2018 16:54","15/08/2018 17:00"
"54","E06","Gato_2018","30/08/2018 23:43","31/08/2018 0:00"
"55","E06","Gato_2018","31/08/2018 6:48","31/08/2018 7:00"
"56","E06","Gato_2018","31/08/2018 8:35","31/08/2018 9:00"
"57","E07","Gato_2018","21/08/2018 18:59","21/08/2018 19:00"
"58","E07","Gato_2018","22/08/2018 22:44","22/08/2018 23:00"
"59","E08","Gato_2018","17/08/2018 22:39","17/08/2018 23:00"
"60","E08","Gato_2018","18/08/2018 6:36","18/08/2018 7:00"
"61","E08","Gato_2018","18/08/2018 10:34","18/08/2018 11:00"
"62","E08","Gato_2018","19/08/2018 15:04","19/08/2018 15:00"
"63","E08","Gato_2018","19/08/2018 15:51","19/08/2018 16:00"
"64","E08","Gato_2018","19/08/2018 21:11","19/08/2018 21:00"
"65","E08","Gato_2018","20/08/2018 1:35","20/08/2018 2:00"
"66","E08","Gato_2018","20/08/2018 21:36","20/08/2018 22:00"
"67","E08","Gato_2018","22/08/2018 1:48","22/08/2018 2:00"
"68","E08","Gato_2018","22/08/2018 2:40","22/08/2018 3:00"
"69","E08","Gato_2018","22/08/2018 3:48","22/08/2018 4:00"
"70","E09","Gato_2018","14/08/2018 13:57","14/08/2018 14:00"
"71","E09","Gato_2018","14/08/2018 16:53","14/08/2018 17:00"
"72","E10","Gato_2018","30/08/2018 8:11","30/08/2018 8:00"
"73","E10","Gato_2018","30/08/2018 8:14","30/08/2018 8:00"
"74","E11","Gato_2018","27/08/2018 18:28","27/08/2018 18:00"
"75","E11","Gato_2018","28/08/2018 0:13","28/08/2018 0:00"
"76","E11","Gato_2018","28/08/2018 5:49","28/08/2018 6:00"
"77","E11","Gato_2018","28/08/2018 10:03","28/08/2018 10:00"
"78","E11","Gato_2018","28/08/2018 15:52","28/08/2018 16:00"
"79","E11","Gato_2018","28/08/2018 19:55","28/08/2018 20:00"
"80","E11","Gato_2018","29/08/2018 2:33","29/08/2018 3:00"
"81","E11","Gato_2018","31/08/2018 13:08","31/08/2018 13:00"
"82","E11","Gato_2018","31/08/2018 15:17","31/08/2018 15:00"
"83","E12","Gato_2018","20/08/2018 14:24","20/08/2018 14:00"
"84","E12","Gato_2018","20/08/2018 15:03","20/08/2018 15:00"
"85","E12","Gato_2018","20/08/2018 17:43","20/08/2018 18:00"
"86","E12","Gato_2018","21/08/2018 9:00","21/08/2018 9:00"
"87","E12","Gato_2018","21/08/2018 10:37","21/08/2018 11:00"
"88","E12","Gato_2018","21/08/2018 11:31","21/08/2018 12:00"
"89","E12","Gato_2018","21/08/2018 12:53","21/08/2018 13:00"
"90","E12","Gato_2018","21/08/2018 14:03","21/08/2018 14:00"
"91","E12","Gato_2018","21/08/2018 14:15","21/08/2018 14:00"
"92","E12","Gato_2018","21/08/2018 15:52","21/08/2018 16:00"
"93","E12","Gato_2018","21/08/2018 16:39","21/08/2018 17:00"
"94","E12","Gato_2018","21/08/2018 17:10","21/08/2018 17:00"
"95","E12","Gato_2018","21/08/2018 18:11","21/08/2018 18:00"
"96","E12","Gato_2018","22/08/2018 10:31","22/08/2018 11:00"
"97","E12","Gato_2018","22/08/2018 13:28","22/08/2018 13:00"
"98","E12","Gato_2018","22/08/2018 15:18","22/08/2018 15:00"
"99","E12","Gato_2018","22/08/2018 15:37","22/08/2018 16:00"
"100","E12","Gato_2018","23/08/2018 0:07","23/08/2018 0:00"
"101","E12","Gato_2018","23/08/2018 8:37","23/08/2018 9:00"
"102","E12","Gato_2018","23/08/2018 12:33","23/08/2018 13:00"
"103","E12","Gato_2018","23/08/2018 17:18","23/08/2018 17:00"
"104","E12","Gato_2018","23/08/2018 17:41","23/08/2018 18:00"
"105","E12","Gato_2018","23/08/2018 18:23","23/08/2018 18:00"
"106","E12","Gato_2018","23/08/2018 19:37","23/08/2018 20:00"
"107","E12","Gato_2018","23/08/2018 19:49","23/08/2018 20:00"
"108","E12","Gato_2018","23/08/2018 23:21","23/08/2018 23:00"
"109","E12","Gato_2018","24/08/2018 1:42","24/08/2018 2:00"
"110","E12","Gato_2018","24/08/2018 13:56","24/08/2018 14:00"
"111","E12","Gato_2018","24/08/2018 19:24","24/08/2018 19:00"
"112","E14","Gato_2018","27/08/2018 14:55","27/08/2018 15:00"
"113","E14","Gato_2018","27/08/2018 15:04","27/08/2018 15:00"
"114","E14","Gato_2018","27/08/2018 17:15","27/08/2018 17:00"
"115","E14","Gato_2018","28/08/2018 0:52","28/08/2018 1:00"
"116","E14","Gato_2018","28/08/2018 8:37","28/08/2018 9:00"
"117","E14","Gato_2018","28/08/2018 9:08","28/08/2018 9:00"
"118","E14","Gato_2018","28/08/2018 9:08","28/08/2018 9:00"
"119","E14","Gato_2018","28/08/2018 18:01","28/08/2018 18:00"
"120","E14","Gato_2018","28/08/2018 19:31","28/08/2018 20:00"
"121","E14","Gato_2018","29/08/2018 12:37","29/08/2018 13:00"
"122","E14","Gato_2018","29/08/2018 14:10","29/08/2018 14:00"
"123","E14","Gato_2018","29/08/2018 16:49","29/08/2018 17:00"
"124","E14","Gato_2018","29/08/2018 17:48","29/08/2018 18:00"
"125","E14","Gato_2018","30/08/2018 1:33","30/08/2018 2:00"
"126","E14","Gato_2018","30/08/2018 21:09","30/08/2018 21:00"
"127","E14","Gato_2018","30/08/2018 23:46","31/08/2018 0:00"
"128","E14","Gato_2018","31/08/2018 3:21","31/08/2018 3:00"
"129","E14","Gato_2018","31/08/2018 19:39","31/08/2018 20:00"
"130","E14","Gato_2018","31/08/2018 19:39","31/08/2018 20:00"
"131","E14","Gato_2018","01/09/2018 0:15","01/09/2018 0:00"
"132","E14","Gato_2018","01/09/2018 0:53","01/09/2018 1:00"
"133","E15","Gato_2018","21/08/2018 19:53","21/08/2018 20:00"
"134","E15","Gato_2018","24/08/2018 0:04","24/08/2018 0:00"
"135","E15","Gato_2018","24/08/2018 23:06","24/08/2018 23:00"
"136","E20","Gato_2018","29/08/2018 0:59","29/08/2018 1:00"
"137","E21","Gato_2018","18/08/2018 3:07","18/08/2018 3:00"
"138","E22","Gato_2018","21/08/2018 13:21","21/08/2018 13:00"
"139","E23","Gato_2018","22/08/2018 16:59","22/08/2018 17:00"
"140","E23","Gato_2018","22/08/2018 21:59","22/08/2018 22:00"
"141","E23","Gato_2018","24/08/2018 7:52","24/08/2018 8:00"
"142","E27","Gato_2018","24/08/2018 9:40","24/08/2018 10:00"
"143","E27","Gato_2018","24/08/2018 23:35","25/08/2018 0:00"
"144","E30","Gato_2018","23/08/2018 14:49","23/08/2018 15:00"
"145","E32","Gato_2018","03/09/2018 13:14","03/09/2018 13:00"
"146","E32","Gato_2018","04/09/2018 14:31","04/09/2018 15:00"
"147","E32","Gato_2018","05/09/2018 12:11","05/09/2018 12:00"
"148","E33","Gato_2018","03/09/2018 11:36","03/09/2018 12:00"
"149","E33","Gato_2018","03/09/2018 11:44","03/09/2018 12:00"
"150","E33","Gato_2018","03/09/2018 11:53","03/09/2018 12:00"
"151","E33","Gato_2018","03/09/2018 12:04","03/09/2018 12:00"
"152","E33","Gato_2018","03/09/2018 12:09","03/09/2018 12:00"
"153","E33","Gato_2018","03/09/2018 12:30","03/09/2018 13:00"
"154","E33","Gato_2018","03/09/2018 12:40","03/09/2018 13:00"
"155","E33","Gato_2018","03/09/2018 13:16","03/09/2018 13:00"
"156","E33","Gato_2018","03/09/2018 13:47","03/09/2018 14:00"
"157","E33","Gato_2018","03/09/2018 14:25","03/09/2018 14:00"
"158","E33","Gato_2018","03/09/2018 15:28","03/09/2018 15:00"
"159","E33","Gato_2018","03/09/2018 15:28","03/09/2018 15:00"
"160","E33","Gato_2018","03/09/2018 15:50","03/09/2018 16:00"
"161","E33","Gato_2018","03/09/2018 15:50","03/09/2018 16:00"
"162","E33","Gato_2018","03/09/2018 17:38","03/09/2018 18:00"
"163","E33","Gato_2018","03/09/2018 18:15","03/09/2018 18:00"
"164","E33","Gato_2018","03/09/2018 18:15","03/09/2018 18:00"
"165","E33","Gato_2018","03/09/2018 18:24","03/09/2018 18:00"
"166","E33","Gato_2018","03/09/2018 18:24","03/09/2018 18:00"
"167","E33","Gato_2018","03/09/2018 18:37","03/09/2018 19:00"
"168","E33","Gato_2018","03/09/2018 18:44","03/09/2018 19:00"
"169","E33","Gato_2018","03/09/2018 18:44","03/09/2018 19:00"
"170","E33","Gato_2018","03/09/2018 18:47","03/09/2018 19:00"
"171","E33","Gato_2018","03/09/2018 18:55","03/09/2018 19:00"
"172","E33","Gato_2018","03/09/2018 19:09","03/09/2018 19:00"
"173","E33","Gato_2018","03/09/2018 19:09","03/09/2018 19:00"
"174","E33","Gato_2018","03/09/2018 19:11","03/09/2018 19:00"
"175","E33","Gato_2018","03/09/2018 19:11","03/09/2018 19:00"
"176","E33","Gato_2018","03/09/2018 19:44","03/09/2018 20:00"
"177","E33","Gato_2018","03/09/2018 22:49","03/09/2018 23:00"
"178","E33","Gato_2018","03/09/2018 23:14","03/09/2018 23:00"
"179","E33","Gato_2018","04/09/2018 10:03","04/09/2018 10:00"
"180","E33","Gato_2018","04/09/2018 10:06","04/09/2018 10:00"
"181","E33","Gato_2018","04/09/2018 10:10","04/09/2018 10:00"
"182","E33","Gato_2018","04/09/2018 10:21","04/09/2018 10:00"
"183","E33","Gato_2018","04/09/2018 10:23","04/09/2018 10:00"
"184","E33","Gato_2018","04/09/2018 10:35","04/09/2018 11:00"
"185","E33","Gato_2018","04/09/2018 10:38","04/09/2018 11:00"
"186","E33","Gato_2018","04/09/2018 10:44","04/09/2018 11:00"
"187","E33","Gato_2018","04/09/2018 10:47","04/09/2018 11:00"
"188","E33","Gato_2018","04/09/2018 11:01","04/09/2018 11:00"
"189","E33","Gato_2018","04/09/2018 11:10","04/09/2018 11:00"
"190","E33","Gato_2018","04/09/2018 11:17","04/09/2018 11:00"
"191","E33","Gato_2018","04/09/2018 11:17","04/09/2018 11:00"
"192","E33","Gato_2018","04/09/2018 11:17","04/09/2018 11:00"
"193","E33","Gato_2018","04/09/2018 11:57","04/09/2018 12:00"
"194","E33","Gato_2018","04/09/2018 13:36","04/09/2018 14:00"
"195","E33","Gato_2018","04/09/2018 13:36","04/09/2018 14:00"
"196","E33","Gato_2018","04/09/2018 13:36","04/09/2018 14:00"
"197","E33","Gato_2018","04/09/2018 13:45","04/09/2018 14:00"
"198","E33","Gato_2018","04/09/2018 14:36","04/09/2018 15:00"
"199","E33","Gato_2018","04/09/2018 14:48","04/09/2018 15:00"
"200","E33","Gato_2018","04/09/2018 15:12","04/09/2018 15:00"
"201","E33","Gato_2018","04/09/2018 17:07","04/09/2018 17:00"
"202","E33","Gato_2018","04/09/2018 17:13","04/09/2018 17:00"
"203","E33","Gato_2018","04/09/2018 17:13","04/09/2018 17:00"
"204","E33","Gato_2018","04/09/2018 17:28","04/09/2018 17:00"
"205","E33","Gato_2018","04/09/2018 17:41","04/09/2018 18:00"
"206","E33","Gato_2018","04/09/2018 17:51","04/09/2018 18:00"
"207","E33","Gato_2018","04/09/2018 18:03","04/09/2018 18:00"
"208","E33","Gato_2018","04/09/2018 18:08","04/09/2018 18:00"
"209","E33","Gato_2018","04/09/2018 18:08","04/09/2018 18:00"
"210","E33","Gato_2018","04/09/2018 19:48","04/09/2018 20:00"
"211","E33","Gato_2018","04/09/2018 22:16","04/09/2018 22:00"
"212","E33","Gato_2018","04/09/2018 23:00","04/09/2018 23:00"
"213","E33","Gato_2018","05/09/2018 7:20","05/09/2018 7:00"
"214","E33","Gato_2018","05/09/2018 9:41","05/09/2018 10:00"
"215","E33","Gato_2018","05/09/2018 10:38","05/09/2018 11:00"
"216","E33","Gato_2018","05/09/2018 10:55","05/09/2018 11:00"
"217","E33","Gato_2018","05/09/2018 10:58","05/09/2018 11:00"
"218","E33","Gato_2018","05/09/2018 11:03","05/09/2018 11:00"
"219","E33","Gato_2018","05/09/2018 11:16","05/09/2018 11:00"
"220","E33","Gato_2018","05/09/2018 11:55","05/09/2018 12:00"
"221","E33","Gato_2018","05/09/2018 13:57","05/09/2018 14:00"
"222","E34","Gato_2018","06/09/2018 13:57","06/09/2018 14:00"
"223","E33","Gato_2018","05/09/2018 14:10","05/09/2018 14:00"
"224","E33","Gato_2018","05/09/2018 14:25","05/09/2018 14:00"
"225","E33","Gato_2018","05/09/2018 14:30","05/09/2018 15:00"
"226","E34","Gato_2018","06/09/2018 14:30","06/09/2018 15:00"
"227","E33","Gato_2018","05/09/2018 17:04","05/09/2018 17:00"
"228","E33","Gato_2018","05/09/2018 17:54","05/09/2018 18:00"
"229","E33","Gato_2018","05/09/2018 17:54","05/09/2018 18:00"
"230","E33","Gato_2018","05/09/2018 17:54","05/09/2018 18:00"
"231","E33","Gato_2018","05/09/2018 17:56","05/09/2018 18:00"
"232","E33","Gato_2018","05/09/2018 18:05","05/09/2018 18:00"
"233","E33","Gato_2018","05/09/2018 18:05","05/09/2018 18:00"
"234","E33","Gato_2018","05/09/2018 18:05","05/09/2018 18:00"
"235","E33","Gato_2018","06/09/2018 9:23","06/09/2018 9:00"
"236","E33","Gato_2018","06/09/2018 10:05","06/09/2018 10:00"
"237","E33","Gato_2018","06/09/2018 10:13","06/09/2018 10:00"
"238","E33","Gato_2018","06/09/2018 10:30","06/09/2018 11:00"
"239","E33","Gato_2018","06/09/2018 10:35","06/09/2018 11:00"
"240","E33","Gato_2018","06/09/2018 10:39","06/09/2018 11:00"
"241","E33","Gato_2018","06/09/2018 10:39","06/09/2018 11:00"
"242","E33","Gato_2018","06/09/2018 10:49","06/09/2018 11:00"
"243","E33","Gato_2018","06/09/2018 10:54","06/09/2018 11:00"
"244","E33","Gato_2018","06/09/2018 10:54","06/09/2018 11:00"
"245","E33","Gato_2018","06/09/2018 11:08","06/09/2018 11:00"
"246","E33","Gato_2018","06/09/2018 11:14","06/09/2018 11:00"
"247","E33","Gato_2018","06/09/2018 11:17","06/09/2018 11:00"
"248","E33","Gato_2018","06/09/2018 11:29","06/09/2018 11:00"
"249","E33","Gato_2018","06/09/2018 11:34","06/09/2018 12:00"
"250","E33","Gato_2018","06/09/2018 13:29","06/09/2018 13:00"
"251","E33","Gato_2018","06/09/2018 14:08","06/09/2018 14:00"
"252","E33","Gato_2018","06/09/2018 14:52","06/09/2018 15:00"
"253","E33","Gato_2018","06/09/2018 14:55","06/09/2018 15:00"
"254","E33","Gato_2018","06/09/2018 14:57","06/09/2018 15:00"
"255","E33","Gato_2018","06/09/2018 15:27","06/09/2018 15:00"
"256","E33","Gato_2018","06/09/2018 16:28","06/09/2018 16:00"
"257","E33","Gato_2018","06/09/2018 16:38","06/09/2018 17:00"
"258","E33","Gato_2018","06/09/2018 18:45","06/09/2018 19:00"
"259","E33","Gato_2018","06/09/2018 18:45","06/09/2018 19:00"
"260","E33","Gato_2018","06/09/2018 18:45","06/09/2018 19:00"
"261","E33","Gato_2018","06/09/2018 18:45","06/09/2018 19:00"
"262","E33","Gato_2018","06/09/2018 18:45","06/09/2018 19:00"
"263","E33","Gato_2018","06/09/2018 18:45","06/09/2018 19:00"
"264","E33","Gato_2018","07/09/2018 7:48","07/09/2018 8:00"
"265","E33","Gato_2018","07/09/2018 7:52","07/09/2018 8:00"
"266","E33","Gato_2018","07/09/2018 10:01","07/09/2018 10:00"
"267","E33","Gato_2018","07/09/2018 10:23","07/09/2018 10:00"
"268","E33","Gato_2018","07/09/2018 10:48","07/09/2018 11:00"
"269","E33","Gato_2018","07/09/2018 12:11","07/09/2018 12:00"
"270","E33","Gato_2018","07/09/2018 12:29","07/09/2018 12:00"
"271","E33","Gato_2018","07/09/2018 12:46","07/09/2018 13:00"
"272","E33","Gato_2018","07/09/2018 19:08","07/09/2018 19:00"
"273","E33","Gato_2018","08/09/2018 5:19","08/09/2018 5:00"
"274","E33","Gato_2018","08/09/2018 8:35","08/09/2018 9:00"
"275","E33","Gato_2018","08/09/2018 8:55","08/09/2018 9:00"
"276","E34","Gato_2018","03/09/2018 11:04","03/09/2018 11:00"
"277","E34","Gato_2018","03/09/2018 11:15","03/09/2018 11:00"
"278","E34","Gato_2018","03/09/2018 12:27","03/09/2018 12:00"
"279","E34","Gato_2018","03/09/2018 15:40","03/09/2018 16:00"
"280","E34","Gato_2018","03/09/2018 15:45","03/09/2018 16:00"
"281","E34","Gato_2018","03/09/2018 16:08","03/09/2018 16:00"
"282","E34","Gato_2018","03/09/2018 16:08","03/09/2018 16:00"
"283","E34","Gato_2018","03/09/2018 16:52","03/09/2018 17:00"
"284","E34","Gato_2018","03/09/2018 17:52","03/09/2018 18:00"
"285","E34","Gato_2018","03/09/2018 19:15","03/09/2018 19:00"
"286","E34","Gato_2018","04/09/2018 6:36","04/09/2018 7:00"
"287","E34","Gato_2018","04/09/2018 9:32","04/09/2018 10:00"
"288","E34","Gato_2018","04/09/2018 13:21","04/09/2018 13:00"
"289","E34","Gato_2018","04/09/2018 13:34","04/09/2018 14:00"
"290","E34","Gato_2018","04/09/2018 13:50","04/09/2018 14:00"
"291","E34","Gato_2018","04/09/2018 14:47","04/09/2018 15:00"
"292","E34","Gato_2018","04/09/2018 14:56","04/09/2018 15:00"
"293","E34","Gato_2018","04/09/2018 15:38","04/09/2018 16:00"
"294","E34","Gato_2018","04/09/2018 16:07","04/09/2018 16:00"
"295","E34","Gato_2018","04/09/2018 16:11","04/09/2018 16:00"
"296","E34","Gato_2018","04/09/2018 16:33","04/09/2018 17:00"
"297","E34","Gato_2018","04/09/2018 17:02","04/09/2018 17:00"
"298","E34","Gato_2018","04/09/2018 17:21","04/09/2018 17:00"
"299","E34","Gato_2018","04/09/2018 18:29","04/09/2018 18:00"
"300","E34","Gato_2018","04/09/2018 18:54","04/09/2018 19:00"
"301","E34","Gato_2018","05/09/2018 5:15","05/09/2018 5:00"
"302","E34","Gato_2018","05/09/2018 5:29","05/09/2018 5:00"
"303","E34","Gato_2018","05/09/2018 7:00","05/09/2018 7:00"
"304","E34","Gato_2018","05/09/2018 10:02","05/09/2018 10:00"
"305","E34","Gato_2018","05/09/2018 15:45","05/09/2018 16:00"
"306","E34","Gato_2018","05/09/2018 15:56","05/09/2018 16:00"
"307","E34","Gato_2018","05/09/2018 16:07","05/09/2018 16:00"
"308","E34","Gato_2018","05/09/2018 16:11","05/09/2018 16:00"
"309","E34","Gato_2018","05/09/2018 16:20","05/09/2018 16:00"
"310","E34","Gato_2018","05/09/2018 16:22","05/09/2018 16:00"
"311","E34","Gato_2018","05/09/2018 17:16","05/09/2018 17:00"
"312","E34","Gato_2018","05/09/2018 19:10","05/09/2018 19:00"
"313","E34","Gato_2018","05/09/2018 21:08","05/09/2018 21:00"
"314","E34","Gato_2018","05/09/2018 23:38","06/09/2018 0:00"
"315","E34","Gato_2018","06/09/2018 0:36","06/09/2018 1:00"
"316","E34","Gato_2018","06/09/2018 7:13","06/09/2018 7:00"
"317","E34","Gato_2018","06/09/2018 11:23","06/09/2018 11:00"
"318","E34","Gato_2018","06/09/2018 12:40","06/09/2018 13:00"
"319","E34","Gato_2018","06/09/2018 13:22","06/09/2018 13:00"
"320","E34","Gato_2018","06/09/2018 13:28","06/09/2018 13:00"
"321","E34","Gato_2018","06/09/2018 13:37","06/09/2018 14:00"
"322","E34","Gato_2018","06/09/2018 14:05","06/09/2018 14:00"
"323","E34","Gato_2018","06/09/2018 15:55","06/09/2018 16:00"
"324","E34","Gato_2018","06/09/2018 16:23","06/09/2018 16:00"
"325","E34","Gato_2018","06/09/2018 16:30","06/09/2018 17:00"
"326","E34","Gato_2018","06/09/2018 16:35","06/09/2018 17:00"
"327","E34","Gato_2018","06/09/2018 17:05","06/09/2018 17:00"
"328","E34","Gato_2018","06/09/2018 17:37","06/09/2018 18:00"
"329","E34","Gato_2018","06/09/2018 18:42","06/09/2018 19:00"
"330","E34","Gato_2018","06/09/2018 18:48","06/09/2018 19:00"
"331","E34","Gato_2018","06/09/2018 21:11","06/09/2018 21:00"
"332","E34","Gato_2018","06/09/2018 21:39","06/09/2018 22:00"
"333","E34","Gato_2018","07/09/2018 0:14","07/09/2018 0:00"
"334","E34","Gato_2018","07/09/2018 1:53","07/09/2018 2:00"
"335","E34","Gato_2018","07/09/2018 6:15","07/09/2018 6:00"
"336","E34","Gato_2018","07/09/2018 11:56","07/09/2018 12:00"
"337","E34","Gato_2018","07/09/2018 12:30","07/09/2018 13:00"
"338","E34","Gato_2018","07/09/2018 14:59","07/09/2018 15:00"
"339","E34","Gato_2018","07/09/2018 15:19","07/09/2018 15:00"
"340","E34","Gato_2018","07/09/2018 16:35","07/09/2018 17:00"
"341","E34","Gato_2018","07/09/2018 16:43","07/09/2018 17:00"
"342","E34","Gato_2018","07/09/2018 16:50","07/09/2018 17:00"
"343","E34","Gato_2018","07/09/2018 18:02","07/09/2018 18:00"
"344","E34","Gato_2018","07/09/2018 19:19","07/09/2018 19:00"
"345","E34","Gato_2018","07/09/2018 23:27","07/09/2018 23:00"
"346","E34","Gato_2018","08/09/2018 6:19","08/09/2018 6:00"
"347","E34","Gato_2018","08/09/2018 7:51","08/09/2018 8:00"
"348","E01","Gato_2019","03/09/2019 8:01","03/09/2019 8:00"
"349","E01","Gato_2019","03/09/2019 12:08","03/09/2019 12:00"
"350","E01","Gato_2019","03/09/2019 12:11","03/09/2019 12:00"
"351","E01","Gato_2019","05/09/2019 10:22","05/09/2019 10:00"
"352","E02","Gato_2019","22/08/2019 11:31","22/08/2019 12:00"
"353","E03","Gato_2019","26/08/2019 20:25","26/08/2019 20:00"
"354","E03","Gato_2019","26/08/2019 21:12","26/08/2019 21:00"
"355","E03","Gato_2019","26/08/2019 21:49","26/08/2019 22:00"
"356","E03","Gato_2019","26/08/2019 22:25","26/08/2019 22:00"
"357","E03","Gato_2019","26/08/2019 23:50","27/08/2019 0:00"
"358","E03","Gato_2019","27/08/2019 0:45","27/08/2019 1:00"
"359","E03","Gato_2019","27/08/2019 8:30","27/08/2019 9:00"
"360","E03","Gato_2019","27/08/2019 14:12","27/08/2019 14:00"
"361","E03","Gato_2019","27/08/2019 18:59","27/08/2019 19:00"
"362","E03","Gato_2019","27/08/2019 21:01","27/08/2019 21:00"
"363","E03","Gato_2019","27/08/2019 21:28","27/08/2019 21:00"
"364","E03","Gato_2019","28/08/2019 0:30","28/08/2019 1:00"
"365","E03","Gato_2019","28/08/2019 12:56","28/08/2019 13:00"
"366","E03","Gato_2019","28/08/2019 15:04","28/08/2019 15:00"
"367","E03","Gato_2019","28/08/2019 17:13","28/08/2019 17:00"
"368","E03","Gato_2019","28/08/2019 17:43","28/08/2019 18:00"
"369","E03","Gato_2019","28/08/2019 18:21","28/08/2019 18:00"
"370","E03","Gato_2019","29/08/2019 12:03","29/08/2019 12:00"
"371","E03","Gato_2019","29/08/2019 13:58","29/08/2019 14:00"
"372","E03","Gato_2019","29/08/2019 15:40","29/08/2019 16:00"
"373","E03","Gato_2019","29/08/2019 21:34","29/08/2019 22:00"
"374","E03","Gato_2019","30/08/2019 6:24","30/08/2019 6:00"
"375","E03","Gato_2019","30/08/2019 13:38","30/08/2019 14:00"
"376","E03","Gato_2019","30/08/2019 16:06","30/08/2019 16:00"
"377","E03","Gato_2019","30/08/2019 18:45","30/08/2019 19:00"
"378","E03","Gato_2019","31/08/2019 6:22","31/08/2019 6:00"
"379","E05","Gato_2019","20/08/2019 13:31","20/08/2019 14:00"
"380","E05","Gato_2019","20/08/2019 20:10","20/08/2019 20:00"
"381","E05","Gato_2019","21/08/2019 10:47","21/08/2019 11:00"
"382","E05","Gato_2019","22/08/2019 14:43","22/08/2019 15:00"
"383","E05","Gato_2019","22/08/2019 19:35","22/08/2019 20:00"
"384","E05","Gato_2019","22/08/2019 21:27","22/08/2019 21:00"
"385","E05","Gato_2019","22/08/2019 23:38","23/08/2019 0:00"
"386","E05","Gato_2019","23/08/2019 0:44","23/08/2019 1:00"
"387","E05","Gato_2019","23/08/2019 14:25","23/08/2019 14:00"
"388","E05","Gato_2019","23/08/2019 14:55","23/08/2019 15:00"
"389","E05","Gato_2019","23/08/2019 19:52","23/08/2019 20:00"
"390","E06","Gato_2019","05/09/2019 9:59","05/09/2019 10:00"
"391","E06","Gato_2019","05/09/2019 12:58","05/09/2019 13:00"
"392","E06","Gato_2019","06/09/2019 10:00","06/09/2019 10:00"
"393","E07","Gato_2019","26/08/2019 23:03","26/08/2019 23:00"
"394","E07","Gato_2019","27/08/2019 0:01","27/08/2019 0:00"
"395","E07","Gato_2019","27/08/2019 3:10","27/08/2019 3:00"
"396","E07","Gato_2019","27/08/2019 12:59","27/08/2019 13:00"
"397","E07","Gato_2019","27/08/2019 13:30","27/08/2019 14:00"
"398","E07","Gato_2019","27/08/2019 15:52","27/08/2019 16:00"
"399","E07","Gato_2019","27/08/2019 16:27","27/08/2019 16:00"
"400","E07","Gato_2019","27/08/2019 20:20","27/08/2019 20:00"
"401","E07","Gato_2019","28/08/2019 9:47","28/08/2019 10:00"
"402","E07","Gato_2019","28/08/2019 13:16","28/08/2019 13:00"
"403","E07","Gato_2019","28/08/2019 20:25","28/08/2019 20:00"
"404","E07","Gato_2019","29/08/2019 5:34","29/08/2019 6:00"
"405","E07","Gato_2019","29/08/2019 5:34","29/08/2019 6:00"
"406","E07","Gato_2019","30/08/2019 1:51","30/08/2019 2:00"
"407","E07","Gato_2019","30/08/2019 3:13","30/08/2019 3:00"
"408","E07","Gato_2019","30/08/2019 3:15","30/08/2019 3:00"
"409","E07","Gato_2019","30/08/2019 9:21","30/08/2019 9:00"
"410","E07","Gato_2019","30/08/2019 9:45","30/08/2019 10:00"
"411","E08","Gato_2019","02/09/2019 15:11","02/09/2019 15:00"
"412","E08","Gato_2019","03/09/2019 12:36","03/09/2019 13:00"
"413","E08","Gato_2019","05/09/2019 5:03","05/09/2019 5:00"
"414","E08","Gato_2019","05/09/2019 18:41","05/09/2019 19:00"
"415","E08","Gato_2019","05/09/2019 20:06","05/09/2019 20:00"
"416","E08","Gato_2019","05/09/2019 22:54","05/09/2019 23:00"
"417","E09","Gato_2019","20/08/2019 13:31","20/08/2019 14:00"
"418","E09","Gato_2019","21/08/2019 9:33","21/08/2019 10:00"
"419","E09","Gato_2019","22/08/2019 2:31","22/08/2019 3:00"
"420","E09","Gato_2019","22/08/2019 5:52","22/08/2019 6:00"
"421","E09","Gato_2019","22/08/2019 9:12","22/08/2019 9:00"
"422","E09","Gato_2019","22/08/2019 11:24","22/08/2019 11:00"
"423","E09","Gato_2019","22/08/2019 12:20","22/08/2019 12:00"
"424","E09","Gato_2019","23/08/2019 15:17","23/08/2019 15:00"
"425","E09","Gato_2019","24/08/2019 9:58","24/08/2019 10:00"
"426","E11","Gato_2019","02/09/2019 20:01","02/09/2019 20:00"
"427","E11","Gato_2019","02/09/2019 22:41","02/09/2019 23:00"
"428","E11","Gato_2019","02/09/2019 23:06","02/09/2019 23:00"
"429","E11","Gato_2019","03/09/2019 10:40","03/09/2019 11:00"
"430","E11","Gato_2019","03/09/2019 23:21","03/09/2019 23:00"
"431","E11","Gato_2019","04/09/2019 3:48","04/09/2019 4:00"
"432","E11","Gato_2019","05/09/2019 19:28","05/09/2019 19:00"
"433","E11","Gato_2019","05/09/2019 19:44","05/09/2019 20:00"
"434","E11","Gato_2019","06/09/2019 1:57","06/09/2019 2:00"
"435","E11","Gato_2019","06/09/2019 2:01","06/09/2019 2:00"
"436","E11","Gato_2019","07/09/2019 3:59","07/09/2019 4:00"
"437","E11","Gato_2019","07/09/2019 6:12","07/09/2019 6:00"
"438","E12","Gato_2019","27/08/2019 10:13","27/08/2019 10:00"
"439","E12","Gato_2019","27/08/2019 11:43","27/08/2019 12:00"
"440","E12","Gato_2019","27/08/2019 18:36","27/08/2019 19:00"
"441","E12","Gato_2019","27/08/2019 19:15","27/08/2019 19:00"
"442","E12","Gato_2019","27/08/2019 19:24","27/08/2019 19:00"
"443","E12","Gato_2019","28/08/2019 1:38","28/08/2019 2:00"
"444","E12","Gato_2019","28/08/2019 9:48","28/08/2019 10:00"
"445","E12","Gato_2019","28/08/2019 14:15","28/08/2019 14:00"
"446","E12","Gato_2019","28/08/2019 16:06","28/08/2019 16:00"
"447","E12","Gato_2019","29/08/2019 19:48","29/08/2019 20:00"
"448","E12","Gato_2019","30/08/2019 12:01","30/08/2019 12:00"
"449","E12","Gato_2019","30/08/2019 15:41","30/08/2019 16:00"
"450","E12","Gato_2019","30/08/2019 15:46","30/08/2019 16:00"
"451","E12","Gato_2019","30/08/2019 16:14","30/08/2019 16:00"
"452","E12","Gato_2019","30/08/2019 16:49","30/08/2019 17:00"
"453","E12","Gato_2019","30/08/2019 18:34","30/08/2019 19:00"
"454","E12","Gato_2019","30/08/2019 23:19","30/08/2019 23:00"
"455","E12","Gato_2019","31/08/2019 8:36","31/08/2019 9:00"
"456","E13","Gato_2019","04/09/2019 10:32","04/09/2019 11:00"
"457","E14","Gato_2019","03/09/2019 23:39","04/09/2019 0:00"
"458","E15","Gato_2019","27/08/2019 17:14","27/08/2019 17:00"
"459","E15","Gato_2019","29/08/2019 17:49","29/08/2019 18:00"
"460","E19","Gato_2019","27/08/2019 20:29","27/08/2019 20:00"
"461","E19","Gato_2019","29/08/2019 23:32","30/08/2019 0:00"
"462","E19","Gato_2019","31/08/2019 5:13","31/08/2019 5:00"
"463","E19","Gato_2019","31/08/2019 5:13","31/08/2019 5:00"
"464","E20","Gato_2019","02/09/2019 20:59","02/09/2019 21:00"
"465","E20","Gato_2019","04/09/2019 19:00","04/09/2019 19:00"
"466","E20","Gato_2019","05/09/2019 6:36","05/09/2019 7:00"
"467","E20","Gato_2019","05/09/2019 18:38","05/09/2019 19:00"
"468","E20","Gato_2019","06/09/2019 7:33","06/09/2019 8:00"
"469","E20","Gato_2019","06/09/2019 18:03","06/09/2019 18:00"
"470","E20","Gato_2019","06/09/2019 20:09","06/09/2019 20:00"
"471","E20","Gato_2019","07/09/2019 7:16","07/09/2019 7:00"
"472","E22","Gato_2019","27/08/2019 0:37","27/08/2019 1:00"
"473","E22","Gato_2019","27/08/2019 22:11","27/08/2019 22:00"
"474","E22","Gato_2019","27/08/2019 22:11","27/08/2019 22:00"
"475","E23","Gato_2019","28/08/2019 6:55","28/08/2019 7:00"
"476","E27","Gato_2019","28/08/2019 4:20","28/08/2019 4:00"
"477","E27","Gato_2019","28/08/2019 7:15","28/08/2019 7:00"
"478","E27","Gato_2019","28/08/2019 20:59","28/08/2019 21:00"
"479","E28","Gato_2019","19/08/2019 20:07","19/08/2019 20:00"
"480","E30","Gato_2019","28/08/2019 18:34","28/08/2019 19:00"
"481","E30","Gato_2019","31/08/2019 5:40","31/08/2019 6:00"
"482","E31","Gato_2019","11/09/2019 11:08","11/09/2019 11:00"
"483","E31","Gato_2019","12/09/2019 11:11","12/09/2019 11:00"
"484","E32","Gato_2019","11/09/2019 14:57","11/09/2019 15:00"
"485","E33","Gato_2019","10/09/2019 9:51","10/09/2019 10:00"
"486","E33","Gato_2019","10/09/2019 9:58","10/09/2019 10:00"
"487","E33","Gato_2019","10/09/2019 10:08","10/09/2019 10:00"
"488","E33","Gato_2019","10/09/2019 10:10","10/09/2019 10:00"
"489","E33","Gato_2019","10/09/2019 10:13","10/09/2019 10:00"
"490","E33","Gato_2019","10/09/2019 10:17","10/09/2019 10:00"
"491","E33","Gato_2019","10/09/2019 10:24","10/09/2019 10:00"
"492","E33","Gato_2019","10/09/2019 10:30","10/09/2019 11:00"
"493","E33","Gato_2019","10/09/2019 10:44","10/09/2019 11:00"
"494","E33","Gato_2019","10/09/2019 10:48","10/09/2019 11:00"
"495","E33","Gato_2019","10/09/2019 10:52","10/09/2019 11:00"
"496","E33","Gato_2019","10/09/2019 11:00","10/09/2019 11:00"
"497","E33","Gato_2019","10/09/2019 11:19","10/09/2019 11:00"
"498","E33","Gato_2019","10/09/2019 11:31","10/09/2019 12:00"
"499","E33","Gato_2019","10/09/2019 11:34","10/09/2019 12:00"
"500","E33","Gato_2019","10/09/2019 11:41","10/09/2019 12:00"
"501","E33","Gato_2019","10/09/2019 11:49","10/09/2019 12:00"
"502","E33","Gato_2019","10/09/2019 11:52","10/09/2019 12:00"
"503","E33","Gato_2019","10/09/2019 11:52","10/09/2019 12:00"
"504","E33","Gato_2019","10/09/2019 11:55","10/09/2019 12:00"
"505","E33","Gato_2019","10/09/2019 11:55","10/09/2019 12:00"
"506","E33","Gato_2019","10/09/2019 12:02","10/09/2019 12:00"
"507","E33","Gato_2019","10/09/2019 12:06","10/09/2019 12:00"
"508","E33","Gato_2019","10/09/2019 12:06","10/09/2019 12:00"
"509","E33","Gato_2019","10/09/2019 12:12","10/09/2019 12:00"
"510","E33","Gato_2019","10/09/2019 12:12","10/09/2019 12:00"
"511","E33","Gato_2019","10/09/2019 12:25","10/09/2019 12:00"
"512","E33","Gato_2019","10/09/2019 12:28","10/09/2019 12:00"
"513","E33","Gato_2019","10/09/2019 12:28","10/09/2019 12:00"
"514","E33","Gato_2019","10/09/2019 12:42","10/09/2019 13:00"
"515","E33","Gato_2019","10/09/2019 12:45","10/09/2019 13:00"
"516","E33","Gato_2019","10/09/2019 12:54","10/09/2019 13:00"
"517","E33","Gato_2019","10/09/2019 12:54","10/09/2019 13:00"
"518","E33","Gato_2019","10/09/2019 12:56","10/09/2019 13:00"
"519","E33","Gato_2019","10/09/2019 12:56","10/09/2019 13:00"
"520","E33","Gato_2019","10/09/2019 13:06","10/09/2019 13:00"
"521","E33","Gato_2019","10/09/2019 13:08","10/09/2019 13:00"
"522","E33","Gato_2019","10/09/2019 13:14","10/09/2019 13:00"
"523","E33","Gato_2019","10/09/2019 13:25","10/09/2019 13:00"
"524","E33","Gato_2019","10/09/2019 13:34","10/09/2019 14:00"
"525","E33","Gato_2019","10/09/2019 13:47","10/09/2019 14:00"
"526","E33","Gato_2019","10/09/2019 13:57","10/09/2019 14:00"
"527","E33","Gato_2019","10/09/2019 14:00","10/09/2019 14:00"
"528","E33","Gato_2019","10/09/2019 14:07","10/09/2019 14:00"
"529","E33","Gato_2019","10/09/2019 14:11","10/09/2019 14:00"
"530","E33","Gato_2019","10/09/2019 14:15","10/09/2019 14:00"
"531","E33","Gato_2019","10/09/2019 14:24","10/09/2019 14:00"
"532","E33","Gato_2019","10/09/2019 14:28","10/09/2019 14:00"
"533","E33","Gato_2019","10/09/2019 14:35","10/09/2019 15:00"
"534","E33","Gato_2019","10/09/2019 14:38","10/09/2019 15:00"
"535","E33","Gato_2019","10/09/2019 14:38","10/09/2019 15:00"
"536","E33","Gato_2019","10/09/2019 14:38","10/09/2019 15:00"
"537","E33","Gato_2019","10/09/2019 14:50","10/09/2019 15:00"
"538","E33","Gato_2019","10/09/2019 14:54","10/09/2019 15:00"
"539","E33","Gato_2019","10/09/2019 14:54","10/09/2019 15:00"
"540","E33","Gato_2019","10/09/2019 14:54","10/09/2019 15:00"
"541","E33","Gato_2019","10/09/2019 15:05","10/09/2019 15:00"
"542","E33","Gato_2019","10/09/2019 15:10","10/09/2019 15:00"
"543","E33","Gato_2019","10/09/2019 15:18","10/09/2019 15:00"
"544","E33","Gato_2019","10/09/2019 15:29","10/09/2019 15:00"
"545","E33","Gato_2019","10/09/2019 15:32","10/09/2019 16:00"
"546","E33","Gato_2019","10/09/2019 15:38","10/09/2019 16:00"
"547","E33","Gato_2019","10/09/2019 15:38","10/09/2019 16:00"
"548","E33","Gato_2019","10/09/2019 15:43","10/09/2019 16:00"
"549","E33","Gato_2019","10/09/2019 15:56","10/09/2019 16:00"
"550","E33","Gato_2019","10/09/2019 16:04","10/09/2019 16:00"
"551","E33","Gato_2019","10/09/2019 16:20","10/09/2019 16:00"
"552","E33","Gato_2019","10/09/2019 16:55","10/09/2019 17:00"
"553","E33","Gato_2019","10/09/2019 16:55","10/09/2019 17:00"
"554","E33","Gato_2019","10/09/2019 17:19","10/09/2019 17:00"
"555","E33","Gato_2019","10/09/2019 17:34","10/09/2019 18:00"
"556","E33","Gato_2019","10/09/2019 17:36","10/09/2019 18:00"
"557","E33","Gato_2019","10/09/2019 17:44","10/09/2019 18:00"
"558","E33","Gato_2019","10/09/2019 17:47","10/09/2019 18:00"
"559","E33","Gato_2019","10/09/2019 17:50","10/09/2019 18:00"
"560","E33","Gato_2019","10/09/2019 17:56","10/09/2019 18:00"
"561","E33","Gato_2019","10/09/2019 18:03","10/09/2019 18:00"
"562","E33","Gato_2019","10/09/2019 18:09","10/09/2019 18:00"
"563","E33","Gato_2019","10/09/2019 18:26","10/09/2019 18:00"
"564","E33","Gato_2019","10/09/2019 18:33","10/09/2019 19:00"
"565","E33","Gato_2019","10/09/2019 19:00","10/09/2019 19:00"
"566","E33","Gato_2019","10/09/2019 19:00","10/09/2019 19:00"
"567","E33","Gato_2019","10/09/2019 19:04","10/09/2019 19:00"
"568","E33","Gato_2019","10/09/2019 19:14","10/09/2019 19:00"
"569","E33","Gato_2019","10/09/2019 19:19","10/09/2019 19:00"
"570","E33","Gato_2019","10/09/2019 19:19","10/09/2019 19:00"
"571","E33","Gato_2019","10/09/2019 19:24","10/09/2019 19:00"
"572","E33","Gato_2019","10/09/2019 19:30","10/09/2019 20:00"
"573","E33","Gato_2019","10/09/2019 19:30","10/09/2019 20:00"
"574","E33","Gato_2019","10/09/2019 19:30","10/09/2019 20:00"
"575","E33","Gato_2019","10/09/2019 19:34","10/09/2019 20:00"
"576","E33","Gato_2019","10/09/2019 19:42","10/09/2019 20:00"
"577","E33","Gato_2019","10/09/2019 19:42","10/09/2019 20:00"
"578","E33","Gato_2019","10/09/2019 19:42","10/09/2019 20:00"
"579","E33","Gato_2019","10/09/2019 19:46","10/09/2019 20:00"
"580","E33","Gato_2019","10/09/2019 19:53","10/09/2019 20:00"
"581","E33","Gato_2019","10/09/2019 20:01","10/09/2019 20:00"
"582","E33","Gato_2019","10/09/2019 20:08","10/09/2019 20:00"
"583","E33","Gato_2019","10/09/2019 20:16","10/09/2019 20:00"
"584","E33","Gato_2019","10/09/2019 20:30","10/09/2019 21:00"
"585","E33","Gato_2019","10/09/2019 20:30","10/09/2019 21:00"
"586","E33","Gato_2019","10/09/2019 20:39","10/09/2019 21:00"
"587","E33","Gato_2019","10/09/2019 20:52","10/09/2019 21:00"
"588","E33","Gato_2019","10/09/2019 20:52","10/09/2019 21:00"
"589","E33","Gato_2019","10/09/2019 21:08","10/09/2019 21:00"
"590","E33","Gato_2019","10/09/2019 21:10","10/09/2019 21:00"
"591","E33","Gato_2019","10/09/2019 21:21","10/09/2019 21:00"
"592","E33","Gato_2019","10/09/2019 21:41","10/09/2019 22:00"
"593","E33","Gato_2019","10/09/2019 21:44","10/09/2019 22:00"
"594","E33","Gato_2019","10/09/2019 21:54","10/09/2019 22:00"
"595","E33","Gato_2019","10/09/2019 22:03","10/09/2019 22:00"
"596","E33","Gato_2019","10/09/2019 22:11","10/09/2019 22:00"
"597","E33","Gato_2019","10/09/2019 22:15","10/09/2019 22:00"
"598","E33","Gato_2019","10/09/2019 22:23","10/09/2019 22:00"
"599","E33","Gato_2019","10/09/2019 22:33","10/09/2019 23:00"
"600","E33","Gato_2019","10/09/2019 22:38","10/09/2019 23:00"
"601","E33","Gato_2019","10/09/2019 22:44","10/09/2019 23:00"
"602","E33","Gato_2019","10/09/2019 22:56","10/09/2019 23:00"
"603","E33","Gato_2019","10/09/2019 22:56","10/09/2019 23:00"
"604","E33","Gato_2019","10/09/2019 22:56","10/09/2019 23:00"
"605","E33","Gato_2019","10/09/2019 22:56","10/09/2019 23:00"
"606","E33","Gato_2019","10/09/2019 22:56","10/09/2019 23:00"
"607","E33","Gato_2019","10/09/2019 22:56","10/09/2019 23:00"
"608","E33","Gato_2019","10/09/2019 23:03","10/09/2019 23:00"
"609","E33","Gato_2019","10/09/2019 23:11","10/09/2019 23:00"
"610","E33","Gato_2019","10/09/2019 23:15","10/09/2019 23:00"
"611","E33","Gato_2019","10/09/2019 23:28","10/09/2019 23:00"
"612","E33","Gato_2019","10/09/2019 23:36","11/09/2019 0:00"
"613","E33","Gato_2019","10/09/2019 23:47","11/09/2019 0:00"
"614","E33","Gato_2019","11/09/2019 0:09","11/09/2019 0:00"
"615","E33","Gato_2019","11/09/2019 0:26","11/09/2019 0:00"
"616","E33","Gato_2019","11/09/2019 0:59","11/09/2019 1:00"
"617","E33","Gato_2019","11/09/2019 1:07","11/09/2019 1:00"
"618","E33","Gato_2019","11/09/2019 1:44","11/09/2019 2:00"
"619","E33","Gato_2019","11/09/2019 2:02","11/09/2019 2:00"
"620","E33","Gato_2019","11/09/2019 2:11","11/09/2019 2:00"
"621","E33","Gato_2019","11/09/2019 2:19","11/09/2019 2:00"
"622","E33","Gato_2019","11/09/2019 2:25","11/09/2019 2:00"
"623","E33","Gato_2019","11/09/2019 2:39","11/09/2019 3:00"
"624","E33","Gato_2019","11/09/2019 2:52","11/09/2019 3:00"
"625","E33","Gato_2019","11/09/2019 3:05","11/09/2019 3:00"
"626","E33","Gato_2019","11/09/2019 3:17","11/09/2019 3:00"
"627","E33","Gato_2019","11/09/2019 3:17","11/09/2019 3:00"
"628","E33","Gato_2019","11/09/2019 3:42","11/09/2019 4:00"
"629","E33","Gato_2019","11/09/2019 3:49","11/09/2019 4:00"
"630","E33","Gato_2019","11/09/2019 3:53","11/09/2019 4:00"
"631","E33","Gato_2019","11/09/2019 4:00","11/09/2019 4:00"
"632","E33","Gato_2019","11/09/2019 4:14","11/09/2019 4:00"
"633","E33","Gato_2019","11/09/2019 4:56","11/09/2019 5:00"
"634","E33","Gato_2019","11/09/2019 5:16","11/09/2019 5:00"
"635","E33","Gato_2019","11/09/2019 5:39","11/09/2019 6:00"
"636","E33","Gato_2019","11/09/2019 5:52","11/09/2019 6:00"
"637","E33","Gato_2019","11/09/2019 6:06","11/09/2019 6:00"
"638","E33","Gato_2019","11/09/2019 6:14","11/09/2019 6:00"
"639","E33","Gato_2019","11/09/2019 6:30","11/09/2019 7:00"
"640","E33","Gato_2019","11/09/2019 6:35","11/09/2019 7:00"
"641","E33","Gato_2019","11/09/2019 8:13","11/09/2019 8:00"
"642","E33","Gato_2019","11/09/2019 8:22","11/09/2019 8:00"
"643","E33","Gato_2019","11/09/2019 8:41","11/09/2019 9:00"
"644","E33","Gato_2019","11/09/2019 8:53","11/09/2019 9:00"
"645","E33","Gato_2019","11/09/2019 9:00","11/09/2019 9:00"
"646","E33","Gato_2019","11/09/2019 9:25","11/09/2019 9:00"
"647","E33","Gato_2019","11/09/2019 9:33","11/09/2019 10:00"
"648","E33","Gato_2019","11/09/2019 9:41","11/09/2019 10:00"
"649","E33","Gato_2019","11/09/2019 9:45","11/09/2019 10:00"
"650","E33","Gato_2019","11/09/2019 10:01","11/09/2019 10:00"
"651","E33","Gato_2019","11/09/2019 10:08","11/09/2019 10:00"
"652","E33","Gato_2019","11/09/2019 10:29","11/09/2019 10:00"
"653","E33","Gato_2019","11/09/2019 10:33","11/09/2019 11:00"
"654","E33","Gato_2019","11/09/2019 10:43","11/09/2019 11:00"
"655","E33","Gato_2019","11/09/2019 10:52","11/09/2019 11:00"
"656","E33","Gato_2019","11/09/2019 11:08","11/09/2019 11:00"
"657","E33","Gato_2019","11/09/2019 11:10","11/09/2019 11:00"
"658","E33","Gato_2019","11/09/2019 11:14","11/09/2019 11:00"
"659","E33","Gato_2019","11/09/2019 11:22","11/09/2019 11:00"
"660","E33","Gato_2019","11/09/2019 11:27","11/09/2019 11:00"
"661","E33","Gato_2019","11/09/2019 11:30","11/09/2019 12:00"
"662","E33","Gato_2019","11/09/2019 11:35","11/09/2019 12:00"
"663","E33","Gato_2019","11/09/2019 11:37","11/09/2019 12:00"
"664","E33","Gato_2019","11/09/2019 11:45","11/09/2019 12:00"
"665","E33","Gato_2019","11/09/2019 11:55","11/09/2019 12:00"
"666","E33","Gato_2019","11/09/2019 12:01","11/09/2019 12:00"
"667","E33","Gato_2019","11/09/2019 12:14","11/09/2019 12:00"
"668","E33","Gato_2019","11/09/2019 12:18","11/09/2019 12:00"
"669","E33","Gato_2019","11/09/2019 12:34","11/09/2019 13:00"
"670","E33","Gato_2019","11/09/2019 12:41","11/09/2019 13:00"
"671","E33","Gato_2019","11/09/2019 12:51","11/09/2019 13:00"
"672","E33","Gato_2019","11/09/2019 12:58","11/09/2019 13:00"
"673","E33","Gato_2019","11/09/2019 13:01","11/09/2019 13:00"
"674","E33","Gato_2019","11/09/2019 13:11","11/09/2019 13:00"
"675","E33","Gato_2019","11/09/2019 13:14","11/09/2019 13:00"
"676","E33","Gato_2019","11/09/2019 13:24","11/09/2019 13:00"
"677","E33","Gato_2019","11/09/2019 13:28","11/09/2019 13:00"
"678","E33","Gato_2019","11/09/2019 13:31","11/09/2019 14:00"
"679","E33","Gato_2019","11/09/2019 13:35","11/09/2019 14:00"
"680","E33","Gato_2019","11/09/2019 14:01","11/09/2019 14:00"
"681","E33","Gato_2019","11/09/2019 14:03","11/09/2019 14:00"
"682","E33","Gato_2019","11/09/2019 14:08","11/09/2019 14:00"
"683","E33","Gato_2019","11/09/2019 14:13","11/09/2019 14:00"
"684","E33","Gato_2019","11/09/2019 14:17","11/09/2019 14:00"
"685","E33","Gato_2019","11/09/2019 14:27","11/09/2019 14:00"
"686","E33","Gato_2019","11/09/2019 14:30","11/09/2019 15:00"
"687","E33","Gato_2019","11/09/2019 14:34","11/09/2019 15:00"
"688","E33","Gato_2019","11/09/2019 14:48","11/09/2019 15:00"
"689","E33","Gato_2019","11/09/2019 14:51","11/09/2019 15:00"
"690","E33","Gato_2019","11/09/2019 14:56","11/09/2019 15:00"
"691","E33","Gato_2019","11/09/2019 15:01","11/09/2019 15:00"
"692","E33","Gato_2019","11/09/2019 15:08","11/09/2019 15:00"
"693","E33","Gato_2019","11/09/2019 15:15","11/09/2019 15:00"
"694","E33","Gato_2019","11/09/2019 15:34","11/09/2019 16:00"
"695","E33","Gato_2019","11/09/2019 15:44","11/09/2019 16:00"
"696","E33","Gato_2019","11/09/2019 15:51","11/09/2019 16:00"
"697","E33","Gato_2019","11/09/2019 15:54","11/09/2019 16:00"
"698","E33","Gato_2019","11/09/2019 15:59","11/09/2019 16:00"
"699","E33","Gato_2019","11/09/2019 16:02","11/09/2019 16:00"
"700","E33","Gato_2019","11/09/2019 16:08","11/09/2019 16:00"
"701","E33","Gato_2019","11/09/2019 16:14","11/09/2019 16:00"
"702","E33","Gato_2019","11/09/2019 16:20","11/09/2019 16:00"
"703","E33","Gato_2019","11/09/2019 16:25","11/09/2019 16:00"
"704","E33","Gato_2019","11/09/2019 16:33","11/09/2019 17:00"
"705","E33","Gato_2019","11/09/2019 16:39","11/09/2019 17:00"
"706","E33","Gato_2019","11/09/2019 16:51","11/09/2019 17:00"
"707","E33","Gato_2019","11/09/2019 17:03","11/09/2019 17:00"
"708","E33","Gato_2019","11/09/2019 17:07","11/09/2019 17:00"
"709","E33","Gato_2019","11/09/2019 17:13","11/09/2019 17:00"
"710","E33","Gato_2019","11/09/2019 17:18","11/09/2019 17:00"
"711","E33","Gato_2019","11/09/2019 17:36","11/09/2019 18:00"
"712","E33","Gato_2019","11/09/2019 17:39","11/09/2019 18:00"
"713","E33","Gato_2019","11/09/2019 17:42","11/09/2019 18:00"
"714","E33","Gato_2019","11/09/2019 17:47","11/09/2019 18:00"
"715","E33","Gato_2019","11/09/2019 17:54","11/09/2019 18:00"
"716","E33","Gato_2019","11/09/2019 18:01","11/09/2019 18:00"
"717","E33","Gato_2019","11/09/2019 18:16","11/09/2019 18:00"
"718","E33","Gato_2019","11/09/2019 18:20","11/09/2019 18:00"
"719","E33","Gato_2019","11/09/2019 18:23","11/09/2019 18:00"
"720","E33","Gato_2019","11/09/2019 18:29","11/09/2019 18:00"
"721","E33","Gato_2019","11/09/2019 18:35","11/09/2019 19:00"
"722","E33","Gato_2019","11/09/2019 18:38","11/09/2019 19:00"
"723","E33","Gato_2019","11/09/2019 18:42","11/09/2019 19:00"
"724","E33","Gato_2019","11/09/2019 18:49","11/09/2019 19:00"
"725","E33","Gato_2019","11/09/2019 18:54","11/09/2019 19:00"
"726","E33","Gato_2019","11/09/2019 18:57","11/09/2019 19:00"
"727","E33","Gato_2019","11/09/2019 19:04","11/09/2019 19:00"
"728","E33","Gato_2019","11/09/2019 19:20","11/09/2019 19:00"
"729","E33","Gato_2019","11/09/2019 19:25","11/09/2019 19:00"
"730","E33","Gato_2019","11/09/2019 19:30","11/09/2019 20:00"
"731","E33","Gato_2019","11/09/2019 19:45","11/09/2019 20:00"
"732","E33","Gato_2019","11/09/2019 19:50","11/09/2019 20:00"
"733","E33","Gato_2019","11/09/2019 20:00","11/09/2019 20:00"
"734","E33","Gato_2019","11/09/2019 20:28","11/09/2019 20:00"
"735","E33","Gato_2019","11/09/2019 20:32","11/09/2019 21:00"
"736","E33","Gato_2019","11/09/2019 20:35","11/09/2019 21:00"
"737","E33","Gato_2019","11/09/2019 20:39","11/09/2019 21:00"
"738","E33","Gato_2019","11/09/2019 20:48","11/09/2019 21:00"
"739","E33","Gato_2019","11/09/2019 20:51","11/09/2019 21:00"
"740","E33","Gato_2019","11/09/2019 20:57","11/09/2019 21:00"
"741","E33","Gato_2019","11/09/2019 21:02","11/09/2019 21:00"
"742","E33","Gato_2019","11/09/2019 21:05","11/09/2019 21:00"
"743","E33","Gato_2019","11/09/2019 21:14","11/09/2019 21:00"
"744","E33","Gato_2019","11/09/2019 21:18","11/09/2019 21:00"
"745","E33","Gato_2019","11/09/2019 21:20","11/09/2019 21:00"
"746","E33","Gato_2019","11/09/2019 21:28","11/09/2019 21:00"
"747","E33","Gato_2019","11/09/2019 21:44","11/09/2019 22:00"
"748","E33","Gato_2019","11/09/2019 21:48","11/09/2019 22:00"
"749","E33","Gato_2019","11/09/2019 21:51","11/09/2019 22:00"
"750","E33","Gato_2019","11/09/2019 21:55","11/09/2019 22:00"
"751","E33","Gato_2019","11/09/2019 21:59","11/09/2019 22:00"
"752","E33","Gato_2019","12/09/2019 0:08","12/09/2019 0:00"
"753","E33","Gato_2019","12/09/2019 0:18","12/09/2019 0:00"
"754","E33","Gato_2019","12/09/2019 0:33","12/09/2019 1:00"
"755","E33","Gato_2019","12/09/2019 0:44","12/09/2019 1:00"
"756","E33","Gato_2019","12/09/2019 1:49","12/09/2019 2:00"
"757","E33","Gato_2019","12/09/2019 2:28","12/09/2019 2:00"
"758","E33","Gato_2019","12/09/2019 5:06","12/09/2019 5:00"
"759","E33","Gato_2019","12/09/2019 5:11","12/09/2019 5:00"
"760","E33","Gato_2019","12/09/2019 5:19","12/09/2019 5:00"
"761","E33","Gato_2019","12/09/2019 5:22","12/09/2019 5:00"
"762","E33","Gato_2019","12/09/2019 5:34","12/09/2019 6:00"
"763","E33","Gato_2019","12/09/2019 5:40","12/09/2019 6:00"
"764","E33","Gato_2019","12/09/2019 5:51","12/09/2019 6:00"
"765","E33","Gato_2019","12/09/2019 6:38","12/09/2019 7:00"
"766","E33","Gato_2019","12/09/2019 7:01","12/09/2019 7:00"
"767","E33","Gato_2019","12/09/2019 7:10","12/09/2019 7:00"
"768","E33","Gato_2019","12/09/2019 7:16","12/09/2019 7:00"
"769","E33","Gato_2019","12/09/2019 8:10","12/09/2019 8:00"
"770","E33","Gato_2019","12/09/2019 8:14","12/09/2019 8:00"
"771","E33","Gato_2019","12/09/2019 8:19","12/09/2019 8:00"
"772","E33","Gato_2019","12/09/2019 8:36","12/09/2019 9:00"
"773","E33","Gato_2019","12/09/2019 8:45","12/09/2019 9:00"
"774","E33","Gato_2019","12/09/2019 8:54","12/09/2019 9:00"
"775","E33","Gato_2019","12/09/2019 9:00","12/09/2019 9:00"
"776","E33","Gato_2019","12/09/2019 9:12","12/09/2019 9:00"
"777","E33","Gato_2019","12/09/2019 9:17","12/09/2019 9:00"
"778","E33","Gato_2019","12/09/2019 9:29","12/09/2019 9:00"
"779","E33","Gato_2019","12/09/2019 9:37","12/09/2019 10:00"
"780","E33","Gato_2019","12/09/2019 9:42","12/09/2019 10:00"
"781","E33","Gato_2019","12/09/2019 9:48","12/09/2019 10:00"
"782","E33","Gato_2019","12/09/2019 9:53","12/09/2019 10:00"
"783","E33","Gato_2019","12/09/2019 10:06","12/09/2019 10:00"
"784","E33","Gato_2019","12/09/2019 10:12","12/09/2019 10:00"
"785","E33","Gato_2019","12/09/2019 10:25","12/09/2019 10:00"
"786","E33","Gato_2019","12/09/2019 10:33","12/09/2019 11:00"
"787","E33","Gato_2019","12/09/2019 10:40","12/09/2019 11:00"
"788","E33","Gato_2019","12/09/2019 10:50","12/09/2019 11:00"
"789","E33","Gato_2019","12/09/2019 10:55","12/09/2019 11:00"
"790","E33","Gato_2019","12/09/2019 11:00","12/09/2019 11:00"
"791","E33","Gato_2019","12/09/2019 11:07","12/09/2019 11:00"
"792","E33","Gato_2019","12/09/2019 11:11","12/09/2019 11:00"
"793","E33","Gato_2019","12/09/2019 11:14","12/09/2019 11:00"
"794","E33","Gato_2019","12/09/2019 11:18","12/09/2019 11:00"
"795","E33","Gato_2019","12/09/2019 11:22","12/09/2019 11:00"
"796","E33","Gato_2019","12/09/2019 11:30","12/09/2019 12:00"
"797","E33","Gato_2019","12/09/2019 11:39","12/09/2019 12:00"
"798","E33","Gato_2019","12/09/2019 11:42","12/09/2019 12:00"
"799","E33","Gato_2019","12/09/2019 11:47","12/09/2019 12:00"
"800","E33","Gato_2019","12/09/2019 11:49","12/09/2019 12:00"
"801","E33","Gato_2019","12/09/2019 12:02","12/09/2019 12:00"
"802","E33","Gato_2019","12/09/2019 12:17","12/09/2019 12:00"
"803","E33","Gato_2019","12/09/2019 12:22","12/09/2019 12:00"
"804","E33","Gato_2019","12/09/2019 12:55","12/09/2019 13:00"
"805","E33","Gato_2019","12/09/2019 12:59","12/09/2019 13:00"
"806","E33","Gato_2019","12/09/2019 13:05","12/09/2019 13:00"
"807","E33","Gato_2019","12/09/2019 13:16","12/09/2019 13:00"
"808","E33","Gato_2019","12/09/2019 13:31","12/09/2019 14:00"
"809","E33","Gato_2019","12/09/2019 13:38","12/09/2019 14:00"
"810","E33","Gato_2019","12/09/2019 13:44","12/09/2019 14:00"
"811","E33","Gato_2019","12/09/2019 13:48","12/09/2019 14:00"
"812","E33","Gato_2019","12/09/2019 13:52","12/09/2019 14:00"
"813","E33","Gato_2019","12/09/2019 13:54","12/09/2019 14:00"
"814","E33","Gato_2019","12/09/2019 13:57","12/09/2019 14:00"
"815","E33","Gato_2019","12/09/2019 14:06","12/09/2019 14:00"
"816","E33","Gato_2019","12/09/2019 14:16","12/09/2019 14:00"
"817","E33","Gato_2019","12/09/2019 14:41","12/09/2019 15:00"
"818","E33","Gato_2019","12/09/2019 14:47","12/09/2019 15:00"
"819","E33","Gato_2019","12/09/2019 15:00","12/09/2019 15:00"
"820","E33","Gato_2019","12/09/2019 15:03","12/09/2019 15:00"
"821","E33","Gato_2019","12/09/2019 15:11","12/09/2019 15:00"
"822","E33","Gato_2019","12/09/2019 15:14","12/09/2019 15:00"
"823","E33","Gato_2019","12/09/2019 15:21","12/09/2019 15:00"
"824","E33","Gato_2019","12/09/2019 15:23","12/09/2019 15:00"
"825","E33","Gato_2019","12/09/2019 15:46","12/09/2019 16:00"
"826","E33","Gato_2019","12/09/2019 15:59","12/09/2019 16:00"
"827","E33","Gato_2019","12/09/2019 16:13","12/09/2019 16:00"
"828","E33","Gato_2019","12/09/2019 16:17","12/09/2019 16:00"
"829","E33","Gato_2019","12/09/2019 16:21","12/09/2019 16:00"
"830","E33","Gato_2019","12/09/2019 16:35","12/09/2019 17:00"
"831","E33","Gato_2019","12/09/2019 16:44","12/09/2019 17:00"
"832","E33","Gato_2019","12/09/2019 16:55","12/09/2019 17:00"
"833","E33","Gato_2019","12/09/2019 16:58","12/09/2019 17:00"
"834","E33","Gato_2019","12/09/2019 17:02","12/09/2019 17:00"
"835","E33","Gato_2019","12/09/2019 17:17","12/09/2019 17:00"
"836","E33","Gato_2019","12/09/2019 17:23","12/09/2019 17:00"
"837","E33","Gato_2019","12/09/2019 17:30","12/09/2019 18:00"
"838","E33","Gato_2019","12/09/2019 17:41","12/09/2019 18:00"
"839","E33","Gato_2019","12/09/2019 17:44","12/09/2019 18:00"
"840","E33","Gato_2019","12/09/2019 17:51","12/09/2019 18:00"
"841","E33","Gato_2019","12/09/2019 18:14","12/09/2019 18:00"
"842","E33","Gato_2019","12/09/2019 18:23","12/09/2019 18:00"
"843","E33","Gato_2019","12/09/2019 18:27","12/09/2019 18:00"
"844","E33","Gato_2019","12/09/2019 18:34","12/09/2019 19:00"
"845","E33","Gato_2019","12/09/2019 18:51","12/09/2019 19:00"
"846","E33","Gato_2019","12/09/2019 18:59","12/09/2019 19:00"
"847","E33","Gato_2019","12/09/2019 19:03","12/09/2019 19:00"
"848","E33","Gato_2019","12/09/2019 19:11","12/09/2019 19:00"
"849","E33","Gato_2019","12/09/2019 19:15","12/09/2019 19:00"
"850","E33","Gato_2019","12/09/2019 19:18","12/09/2019 19:00"
"851","E33","Gato_2019","12/09/2019 19:21","12/09/2019 19:00"
"852","E33","Gato_2019","12/09/2019 19:49","12/09/2019 20:00"
"853","E33","Gato_2019","12/09/2019 19:51","12/09/2019 20:00"
"854","E33","Gato_2019","12/09/2019 19:57","12/09/2019 20:00"
"855","E33","Gato_2019","12/09/2019 20:03","12/09/2019 20:00"
"856","E33","Gato_2019","12/09/2019 20:19","12/09/2019 20:00"
"857","E33","Gato_2019","12/09/2019 20:28","12/09/2019 20:00"
"858","E33","Gato_2019","12/09/2019 20:44","12/09/2019 21:00"
"859","E33","Gato_2019","12/09/2019 20:56","12/09/2019 21:00"
"860","E33","Gato_2019","12/09/2019 21:00","12/09/2019 21:00"
"861","E33","Gato_2019","12/09/2019 21:08","12/09/2019 21:00"
"862","E33","Gato_2019","12/09/2019 21:11","12/09/2019 21:00"
"863","E33","Gato_2019","12/09/2019 21:14","12/09/2019 21:00"
"864","E33","Gato_2019","12/09/2019 21:18","12/09/2019 21:00"
"865","E33","Gato_2019","12/09/2019 21:23","12/09/2019 21:00"
"866","E33","Gato_2019","12/09/2019 21:27","12/09/2019 21:00"
"867","E33","Gato_2019","12/09/2019 21:32","12/09/2019 22:00"
"868","E33","Gato_2019","12/09/2019 21:36","12/09/2019 22:00"
"869","E33","Gato_2019","12/09/2019 21:51","12/09/2019 22:00"
"870","E33","Gato_2019","12/09/2019 21:59","12/09/2019 22:00"
"871","E33","Gato_2019","12/09/2019 22:08","12/09/2019 22:00"
"872","E33","Gato_2019","12/09/2019 22:10","12/09/2019 22:00"
"873","E33","Gato_2019","12/09/2019 22:19","12/09/2019 22:00"
"874","E33","Gato_2019","12/09/2019 22:28","12/09/2019 22:00"
"875","E33","Gato_2019","12/09/2019 23:02","12/09/2019 23:00"
"876","E33","Gato_2019","12/09/2019 23:13","12/09/2019 23:00"
"877","E33","Gato_2019","12/09/2019 23:19","12/09/2019 23:00"
"878","E33","Gato_2019","12/09/2019 23:23","12/09/2019 23:00"
"879","E33","Gato_2019","12/09/2019 23:32","13/09/2019 0:00"
"880","E33","Gato_2019","12/09/2019 23:49","13/09/2019 0:00"
"881","E33","Gato_2019","12/09/2019 23:52","13/09/2019 0:00"
"882","E33","Gato_2019","13/09/2019 8:30","13/09/2019 9:00"
"883","E33","Gato_2019","13/09/2019 8:45","13/09/2019 9:00"
"884","E33","Gato_2019","13/09/2019 9:17","13/09/2019 9:00"
"885","E33","Gato_2019","13/09/2019 9:19","13/09/2019 9:00"
"886","E33","Gato_2019","13/09/2019 9:24","13/09/2019 9:00"
"887","E33","Gato_2019","13/09/2019 9:28","13/09/2019 9:00"
"888","E33","Gato_2019","13/09/2019 9:32","13/09/2019 10:00"
"889","E33","Gato_2019","13/09/2019 9:35","13/09/2019 10:00"
"890","E33","Gato_2019","13/09/2019 9:39","13/09/2019 10:00"
"891","E33","Gato_2019","13/09/2019 9:47","13/09/2019 10:00"
"892","E33","Gato_2019","13/09/2019 9:52","13/09/2019 10:00"
"893","E33","Gato_2019","13/09/2019 10:09","13/09/2019 10:00"
"894","E33","Gato_2019","13/09/2019 10:18","13/09/2019 10:00"
"895","E33","Gato_2019","13/09/2019 10:26","13/09/2019 10:00"
"896","E33","Gato_2019","13/09/2019 10:29","13/09/2019 10:00"
"897","E33","Gato_2019","13/09/2019 10:44","13/09/2019 11:00"
"898","E33","Gato_2019","13/09/2019 10:57","13/09/2019 11:00"
"899","E33","Gato_2019","13/09/2019 11:17","13/09/2019 11:00"
"900","E33","Gato_2019","13/09/2019 11:22","13/09/2019 11:00"
"901","E33","Gato_2019","13/09/2019 11:39","13/09/2019 12:00"
"902","E33","Gato_2019","13/09/2019 11:43","13/09/2019 12:00"
"903","E33","Gato_2019","13/09/2019 11:52","13/09/2019 12:00"
"904","E33","Gato_2019","13/09/2019 11:58","13/09/2019 12:00"
"905","E33","Gato_2019","13/09/2019 12:03","13/09/2019 12:00"
"906","E33","Gato_2019","13/09/2019 12:10","13/09/2019 12:00"
"907","E33","Gato_2019","13/09/2019 12:15","13/09/2019 12:00"
"908","E33","Gato_2019","13/09/2019 12:20","13/09/2019 12:00"
"909","E33","Gato_2019","13/09/2019 12:23","13/09/2019 12:00"
"910","E33","Gato_2019","13/09/2019 12:45","13/09/2019 13:00"
"911","E33","Gato_2019","13/09/2019 12:47","13/09/2019 13:00"
"912","E33","Gato_2019","13/09/2019 12:52","13/09/2019 13:00"
"913","E33","Gato_2019","13/09/2019 12:55","13/09/2019 13:00"
"914","E33","Gato_2019","13/09/2019 13:05","13/09/2019 13:00"
"915","E33","Gato_2019","13/09/2019 13:10","13/09/2019 13:00"
"916","E33","Gato_2019","13/09/2019 13:13","13/09/2019 13:00"
"917","E33","Gato_2019","13/09/2019 13:28","13/09/2019 13:00"
"918","E33","Gato_2019","13/09/2019 13:30","13/09/2019 14:00"
"919","E33","Gato_2019","13/09/2019 13:33","13/09/2019 14:00"
"920","E33","Gato_2019","13/09/2019 13:36","13/09/2019 14:00"
"921","E33","Gato_2019","13/09/2019 13:47","13/09/2019 14:00"
"922","E33","Gato_2019","13/09/2019 13:52","13/09/2019 14:00"
"923","E33","Gato_2019","13/09/2019 13:54","13/09/2019 14:00"
"924","E33","Gato_2019","13/09/2019 13:59","13/09/2019 14:00"
"925","E33","Gato_2019","13/09/2019 14:02","13/09/2019 14:00"
"926","E33","Gato_2019","13/09/2019 14:14","13/09/2019 14:00"
"927","E33","Gato_2019","13/09/2019 14:22","13/09/2019 14:00"
"928","E33","Gato_2019","13/09/2019 14:25","13/09/2019 14:00"
"929","E33","Gato_2019","13/09/2019 14:27","13/09/2019 14:00"
"930","E33","Gato_2019","13/09/2019 15:07","13/09/2019 15:00"
"931","E33","Gato_2019","13/09/2019 15:11","13/09/2019 15:00"
"932","E33","Gato_2019","13/09/2019 15:16","13/09/2019 15:00"
"933","E33","Gato_2019","13/09/2019 15:50","13/09/2019 16:00"
"934","E33","Gato_2019","13/09/2019 15:52","13/09/2019 16:00"
"935","E33","Gato_2019","13/09/2019 16:00","13/09/2019 16:00"
"936","E33","Gato_2019","13/09/2019 16:04","13/09/2019 16:00"
"937","E33","Gato_2019","13/09/2019 16:10","13/09/2019 16:00"
"938","E33","Gato_2019","13/09/2019 16:38","13/09/2019 17:00"
"939","E33","Gato_2019","13/09/2019 17:17","13/09/2019 17:00"
"940","E33","Gato_2019","13/09/2019 17:39","13/09/2019 18:00"
"941","E33","Gato_2019","13/09/2019 17:42","13/09/2019 18:00"
"942","E33","Gato_2019","13/09/2019 17:46","13/09/2019 18:00"
"943","E33","Gato_2019","13/09/2019 17:54","13/09/2019 18:00"
"944","E33","Gato_2019","13/09/2019 18:13","13/09/2019 18:00"
"945","E33","Gato_2019","13/09/2019 18:41","13/09/2019 19:00"
"946","E33","Gato_2019","13/09/2019 18:55","13/09/2019 19:00"
"947","E33","Gato_2019","13/09/2019 19:00","13/09/2019 19:00"
"948","E33","Gato_2019","13/09/2019 19:06","13/09/2019 19:00"
"949","E33","Gato_2019","13/09/2019 19:11","13/09/2019 19:00"
"950","E33","Gato_2019","13/09/2019 19:32","13/09/2019 20:00"
"951","E33","Gato_2019","13/09/2019 19:37","13/09/2019 20:00"
"952","E33","Gato_2019","13/09/2019 19:45","13/09/2019 20:00"
"953","E33","Gato_2019","13/09/2019 19:57","13/09/2019 20:00"
"954","E33","Gato_2019","13/09/2019 20:04","13/09/2019 20:00"
"955","E33","Gato_2019","13/09/2019 20:06","13/09/2019 20:00"
"956","E33","Gato_2019","13/09/2019 20:11","13/09/2019 20:00"
"957","E33","Gato_2019","13/09/2019 20:19","13/09/2019 20:00"
"958","E33","Gato_2019","13/09/2019 20:30","13/09/2019 21:00"
"959","E33","Gato_2019","13/09/2019 20:33","13/09/2019 21:00"
"960","E33","Gato_2019","13/09/2019 20:40","13/09/2019 21:00"
"961","E33","Gato_2019","13/09/2019 20:46","13/09/2019 21:00"
"962","E33","Gato_2019","13/09/2019 20:48","13/09/2019 21:00"
"963","E33","Gato_2019","13/09/2019 20:51","13/09/2019 21:00"
"964","E33","Gato_2019","13/09/2019 20:54","13/09/2019 21:00"
"965","E33","Gato_2019","13/09/2019 21:02","13/09/2019 21:00"
"966","E33","Gato_2019","13/09/2019 21:05","13/09/2019 21:00"
"967","E33","Gato_2019","13/09/2019 21:07","13/09/2019 21:00"
"968","E33","Gato_2019","13/09/2019 21:50","13/09/2019 22:00"
"969","E33","Gato_2019","13/09/2019 22:09","13/09/2019 22:00"
"970","E33","Gato_2019","13/09/2019 22:11","13/09/2019 22:00"
"971","E33","Gato_2019","13/09/2019 22:25","13/09/2019 22:00"
"972","E33","Gato_2019","13/09/2019 22:28","13/09/2019 22:00"
"973","E33","Gato_2019","13/09/2019 22:31","13/09/2019 23:00"
"974","E33","Gato_2019","13/09/2019 22:33","13/09/2019 23:00"
"975","E33","Gato_2019","13/09/2019 22:43","13/09/2019 23:00"
"976","E33","Gato_2019","13/09/2019 23:05","13/09/2019 23:00"
"977","E33","Gato_2019","13/09/2019 23:09","13/09/2019 23:00"
"978","E33","Gato_2019","13/09/2019 23:17","13/09/2019 23:00"
"979","E33","Gato_2019","13/09/2019 23:19","13/09/2019 23:00"
"980","E33","Gato_2019","13/09/2019 23:46","14/09/2019 0:00"
"981","E33","Gato_2019","14/09/2019 0:06","14/09/2019 0:00"
"982","E33","Gato_2019","14/09/2019 0:11","14/09/2019 0:00"
"983","E33","Gato_2019","14/09/2019 2:57","14/09/2019 3:00"
"984","E33","Gato_2019","14/09/2019 4:33","14/09/2019 5:00"
"985","E33","Gato_2019","14/09/2019 4:54","14/09/2019 5:00"
"986","E33","Gato_2019","14/09/2019 5:58","14/09/2019 6:00"
"987","E33","Gato_2019","14/09/2019 6:07","14/09/2019 6:00"
"988","E33","Gato_2019","14/09/2019 6:24","14/09/2019 6:00"
"989","E33","Gato_2019","14/09/2019 7:22","14/09/2019 7:00"
"990","E33","Gato_2019","14/09/2019 7:48","14/09/2019 8:00"
"991","E33","Gato_2019","14/09/2019 8:08","14/09/2019 8:00"
"992","E33","Gato_2019","14/09/2019 8:43","14/09/2019 9:00"
"993","E33","Gato_2019","14/09/2019 8:52","14/09/2019 9:00"
"994","E33","Gato_2019","14/09/2019 9:17","14/09/2019 9:00"
"995","E33","Gato_2019","14/09/2019 9:29","14/09/2019 9:00"
"996","E33","Gato_2019","14/09/2019 9:35","14/09/2019 10:00"
"997","E33","Gato_2019","14/09/2019 9:48","14/09/2019 10:00"
"998","E33","Gato_2019","14/09/2019 9:52","14/09/2019 10:00"
"999","E33","Gato_2019","14/09/2019 10:05","14/09/2019 10:00"
"1000","E33","Gato_2019","14/09/2019 10:11","14/09/2019 10:00"
"1001","E33","Gato_2019","14/09/2019 10:14","14/09/2019 10:00"
"1002","E33","Gato_2019","14/09/2019 10:17","14/09/2019 10:00"
"1003","E33","Gato_2019","14/09/2019 10:23","14/09/2019 10:00"
"1004","E33","Gato_2019","14/09/2019 10:27","14/09/2019 10:00"
"1005","E33","Gato_2019","14/09/2019 10:34","14/09/2019 11:00"
"1006","E33","Gato_2019","14/09/2019 10:49","14/09/2019 11:00"
"1007","E33","Gato_2019","14/09/2019 10:53","14/09/2019 11:00"
"1008","E33","Gato_2019","14/09/2019 11:00","14/09/2019 11:00"
"1009","E33","Gato_2019","14/09/2019 11:04","14/09/2019 11:00"
"1010","E33","Gato_2019","14/09/2019 11:06","14/09/2019 11:00"
"1011","E33","Gato_2019","14/09/2019 11:19","14/09/2019 11:00"
"1012","E33","Gato_2019","14/09/2019 11:34","14/09/2019 12:00"
"1013","E33","Gato_2019","14/09/2019 12:33","14/09/2019 13:00"
"1014","E33","Gato_2019","14/09/2019 12:46","14/09/2019 13:00"
"1015","E33","Gato_2019","14/09/2019 12:55","14/09/2019 13:00"
"1016","E33","Gato_2019","14/09/2019 13:07","14/09/2019 13:00"
"1017","E33","Gato_2019","14/09/2019 13:13","14/09/2019 13:00"
"1018","E33","Gato_2019","14/09/2019 13:16","14/09/2019 13:00"
"1019","E33","Gato_2019","14/09/2019 13:20","14/09/2019 13:00"
"1020","E33","Gato_2019","14/09/2019 13:23","14/09/2019 13:00"
"1021","E33","Gato_2019","14/09/2019 13:31","14/09/2019 14:00"
"1022","E33","Gato_2019","14/09/2019 13:41","14/09/2019 14:00"
"1023","E33","Gato_2019","14/09/2019 13:45","14/09/2019 14:00"
"1024","E33","Gato_2019","14/09/2019 13:51","14/09/2019 14:00"
"1025","E33","Gato_2019","14/09/2019 13:58","14/09/2019 14:00"
"1026","E33","Gato_2019","14/09/2019 14:02","14/09/2019 14:00"
"1027","E33","Gato_2019","14/09/2019 14:20","14/09/2019 14:00"
"1028","E33","Gato_2019","14/09/2019 14:25","14/09/2019 14:00"
"1029","E33","Gato_2019","14/09/2019 14:33","14/09/2019 15:00"
"1030","E33","Gato_2019","14/09/2019 14:48","14/09/2019 15:00"
"1031","E33","Gato_2019","14/09/2019 15:01","14/09/2019 15:00"
"1032","E33","Gato_2019","14/09/2019 15:41","14/09/2019 16:00"
"1033","E33","Gato_2019","14/09/2019 15:49","14/09/2019 16:00"
"1034","E33","Gato_2019","14/09/2019 16:01","14/09/2019 16:00"
"1035","E33","Gato_2019","14/09/2019 16:26","14/09/2019 16:00"
"1036","E33","Gato_2019","14/09/2019 16:42","14/09/2019 17:00"
"1037","E33","Gato_2019","14/09/2019 16:59","14/09/2019 17:00"
"1038","E33","Gato_2019","14/09/2019 17:21","14/09/2019 17:00"
"1039","E33","Gato_2019","14/09/2019 17:23","14/09/2019 17:00"
"1040","E33","Gato_2019","14/09/2019 17:29","14/09/2019 17:00"
"1041","E33","Gato_2019","14/09/2019 17:43","14/09/2019 18:00"
"1042","E33","Gato_2019","14/09/2019 18:00","14/09/2019 18:00"
"1043","E33","Gato_2019","14/09/2019 18:13","14/09/2019 18:00"
"1044","E33","Gato_2019","14/09/2019 18:18","14/09/2019 18:00"
"1045","E33","Gato_2019","14/09/2019 18:25","14/09/2019 18:00"
"1046","E33","Gato_2019","14/09/2019 18:31","14/09/2019 19:00"
"1047","E33","Gato_2019","14/09/2019 18:39","14/09/2019 19:00"
"1048","E33","Gato_2019","14/09/2019 18:44","14/09/2019 19:00"
"1049","E33","Gato_2019","14/09/2019 18:50","14/09/2019 19:00"
"1050","E33","Gato_2019","14/09/2019 18:52","14/09/2019 19:00"
"1051","E33","Gato_2019","14/09/2019 18:56","14/09/2019 19:00"
"1052","E33","Gato_2019","14/09/2019 19:00","14/09/2019 19:00"
"1053","E33","Gato_2019","14/09/2019 19:07","14/09/2019 19:00"
"1054","E33","Gato_2019","14/09/2019 19:12","14/09/2019 19:00"
"1055","E33","Gato_2019","14/09/2019 19:14","14/09/2019 19:00"
"1056","E33","Gato_2019","14/09/2019 19:19","14/09/2019 19:00"
"1057","E33","Gato_2019","14/09/2019 19:32","14/09/2019 20:00"
"1058","E33","Gato_2019","14/09/2019 19:34","14/09/2019 20:00"
"1059","E33","Gato_2019","14/09/2019 19:36","14/09/2019 20:00"
"1060","E33","Gato_2019","14/09/2019 19:41","14/09/2019 20:00"
"1061","E33","Gato_2019","14/09/2019 19:45","14/09/2019 20:00"
"1062","E33","Gato_2019","14/09/2019 19:50","14/09/2019 20:00"
"1063","E33","Gato_2019","14/09/2019 19:54","14/09/2019 20:00"
"1064","E33","Gato_2019","14/09/2019 20:08","14/09/2019 20:00"
"1065","E33","Gato_2019","14/09/2019 20:11","14/09/2019 20:00"
"1066","E33","Gato_2019","14/09/2019 20:13","14/09/2019 20:00"
"1067","E33","Gato_2019","14/09/2019 20:16","14/09/2019 20:00"
"1068","E33","Gato_2019","14/09/2019 20:19","14/09/2019 20:00"
"1069","E33","Gato_2019","14/09/2019 20:21","14/09/2019 20:00"
"1070","E33","Gato_2019","14/09/2019 20:27","14/09/2019 20:00"
"1071","E33","Gato_2019","14/09/2019 20:41","14/09/2019 21:00"
"1072","E33","Gato_2019","14/09/2019 20:44","14/09/2019 21:00"
"1073","E33","Gato_2019","14/09/2019 20:48","14/09/2019 21:00"
"1074","E33","Gato_2019","14/09/2019 20:51","14/09/2019 21:00"
"1075","E33","Gato_2019","14/09/2019 20:55","14/09/2019 21:00"
"1076","E33","Gato_2019","14/09/2019 21:08","14/09/2019 21:00"
"1077","E33","Gato_2019","14/09/2019 21:10","14/09/2019 21:00"
"1078","E33","Gato_2019","14/09/2019 21:23","14/09/2019 21:00"
"1079","E33","Gato_2019","14/09/2019 21:27","14/09/2019 21:00"
"1080","E33","Gato_2019","14/09/2019 21:31","14/09/2019 22:00"
"1081","E33","Gato_2019","14/09/2019 21:34","14/09/2019 22:00"
"1082","E33","Gato_2019","14/09/2019 21:37","14/09/2019 22:00"
"1083","E33","Gato_2019","14/09/2019 21:41","14/09/2019 22:00"
"1084","E33","Gato_2019","14/09/2019 21:59","14/09/2019 22:00"
"1085","E33","Gato_2019","14/09/2019 22:04","14/09/2019 22:00"
"1086","E33","Gato_2019","14/09/2019 22:09","14/09/2019 22:00"
"1087","E33","Gato_2019","14/09/2019 22:13","14/09/2019 22:00"
"1088","E33","Gato_2019","14/09/2019 22:27","14/09/2019 22:00"
"1089","E33","Gato_2019","14/09/2019 22:29","14/09/2019 22:00"
"1090","E33","Gato_2019","14/09/2019 22:36","14/09/2019 23:00"
"1091","E33","Gato_2019","14/09/2019 22:39","14/09/2019 23:00"
"1092","E33","Gato_2019","14/09/2019 22:41","14/09/2019 23:00"
"1093","E33","Gato_2019","14/09/2019 22:53","14/09/2019 23:00"
"1094","E33","Gato_2019","14/09/2019 22:58","14/09/2019 23:00"
"1095","E33","Gato_2019","14/09/2019 23:02","14/09/2019 23:00"
"1096","E33","Gato_2019","14/09/2019 23:20","14/09/2019 23:00"
"1097","E33","Gato_2019","14/09/2019 23:24","14/09/2019 23:00"
"1098","E33","Gato_2019","14/09/2019 23:34","15/09/2019 0:00"
"1099","E33","Gato_2019","14/09/2019 23:42","15/09/2019 0:00"
"1100","E33","Gato_2019","14/09/2019 23:50","15/09/2019 0:00"
"1101","E33","Gato_2019","15/09/2019 0:01","15/09/2019 0:00"
"1102","E33","Gato_2019","15/09/2019 0:05","15/09/2019 0:00"
"1103","E33","Gato_2019","15/09/2019 0:07","15/09/2019 0:00"
"1104","E33","Gato_2019","15/09/2019 0:11","15/09/2019 0:00"
"1105","E33","Gato_2019","15/09/2019 0:17","15/09/2019 0:00"
"1106","E33","Gato_2019","15/09/2019 0:20","15/09/2019 0:00"
"1107","E33","Gato_2019","15/09/2019 0:23","15/09/2019 0:00"
"1108","E33","Gato_2019","15/09/2019 0:37","15/09/2019 1:00"
"1109","E33","Gato_2019","15/09/2019 0:54","15/09/2019 1:00"
"1110","E33","Gato_2019","15/09/2019 1:47","15/09/2019 2:00"
"1111","E33","Gato_2019","15/09/2019 1:55","15/09/2019 2:00"
"1112","E33","Gato_2019","15/09/2019 1:59","15/09/2019 2:00"
"1113","E33","Gato_2019","15/09/2019 2:52","15/09/2019 3:00"
"1114","E33","Gato_2019","15/09/2019 3:04","15/09/2019 3:00"
"1115","E33","Gato_2019","15/09/2019 3:19","15/09/2019 3:00"
"1116","E33","Gato_2019","15/09/2019 4:05","15/09/2019 4:00"
"1117","E33","Gato_2019","15/09/2019 8:10","15/09/2019 8:00"
"1118","E33","Gato_2019","15/09/2019 8:50","15/09/2019 9:00"
"1119","E33","Gato_2019","15/09/2019 8:53","15/09/2019 9:00"
"1120","E33","Gato_2019","15/09/2019 9:06","15/09/2019 9:00"
"1121","E34","Gato_2019","10/09/2019 9:53","10/09/2019 10:00"
"1122","E34","Gato_2019","10/09/2019 10:05","10/09/2019 10:00"
"1123","E34","Gato_2019","10/09/2019 10:11","10/09/2019 10:00"
"1124","E34","Gato_2019","10/09/2019 10:18","10/09/2019 10:00"
"1125","E34","Gato_2019","10/09/2019 10:28","10/09/2019 10:00"
"1126","E34","Gato_2019","10/09/2019 11:09","10/09/2019 11:00"
"1127","E34","Gato_2019","10/09/2019 11:23","10/09/2019 11:00"
"1128","E34","Gato_2019","10/09/2019 12:50","10/09/2019 13:00"
"1129","E34","Gato_2019","10/09/2019 13:07","10/09/2019 13:00"
"1130","E34","Gato_2019","10/09/2019 13:10","10/09/2019 13:00"
"1131","E34","Gato_2019","10/09/2019 13:32","10/09/2019 14:00"
"1132","E34","Gato_2019","10/09/2019 13:44","10/09/2019 14:00"
"1133","E34","Gato_2019","10/09/2019 13:53","10/09/2019 14:00"
"1134","E34","Gato_2019","10/09/2019 13:58","10/09/2019 14:00"
"1135","E34","Gato_2019","10/09/2019 14:00","10/09/2019 14:00"
"1136","E34","Gato_2019","10/09/2019 14:23","10/09/2019 14:00"
"1137","E34","Gato_2019","10/09/2019 14:44","10/09/2019 15:00"
"1138","E34","Gato_2019","10/09/2019 15:02","10/09/2019 15:00"
"1139","E34","Gato_2019","10/09/2019 15:07","10/09/2019 15:00"
"1140","E34","Gato_2019","10/09/2019 15:51","10/09/2019 16:00"
"1141","E34","Gato_2019","10/09/2019 16:29","10/09/2019 16:00"
"1142","E34","Gato_2019","10/09/2019 17:06","10/09/2019 17:00"
"1143","E34","Gato_2019","10/09/2019 17:15","10/09/2019 17:00"
"1144","E34","Gato_2019","10/09/2019 18:05","10/09/2019 18:00"
"1145","E34","Gato_2019","10/09/2019 18:20","10/09/2019 18:00"
"1146","E34","Gato_2019","10/09/2019 18:33","10/09/2019 19:00"
"1147","E34","Gato_2019","10/09/2019 18:37","10/09/2019 19:00"
"1148","E34","Gato_2019","10/09/2019 18:44","10/09/2019 19:00"
"1149","E34","Gato_2019","10/09/2019 18:56","10/09/2019 19:00"
"1150","E34","Gato_2019","10/09/2019 19:00","10/09/2019 19:00"
"1151","E34","Gato_2019","10/09/2019 19:28","10/09/2019 19:00"
"1152","E34","Gato_2019","10/09/2019 19:37","10/09/2019 20:00"
"1153","E34","Gato_2019","10/09/2019 19:41","10/09/2019 20:00"
"1154","E34","Gato_2019","10/09/2019 20:03","10/09/2019 20:00"
"1155","E34","Gato_2019","10/09/2019 20:26","10/09/2019 20:00"
"1156","E34","Gato_2019","10/09/2019 22:25","10/09/2019 22:00"
"1157","E34","Gato_2019","10/09/2019 22:37","10/09/2019 23:00"
"1158","E34","Gato_2019","11/09/2019 0:18","11/09/2019 0:00"
"1159","E34","Gato_2019","11/09/2019 1:45","11/09/2019 2:00"
"1160","E34","Gato_2019","11/09/2019 2:57","11/09/2019 3:00"
"1161","E34","Gato_2019","11/09/2019 4:14","11/09/2019 4:00"
"1162","E34","Gato_2019","11/09/2019 4:16","11/09/2019 4:00"
"1163","E34","Gato_2019","11/09/2019 5:06","11/09/2019 5:00"
"1164","E34","Gato_2019","11/09/2019 5:48","11/09/2019 6:00"
"1165","E34","Gato_2019","11/09/2019 6:22","11/09/2019 6:00"
"1166","E34","Gato_2019","11/09/2019 9:04","11/09/2019 9:00"
"1167","E34","Gato_2019","11/09/2019 9:11","11/09/2019 9:00"
"1168","E34","Gato_2019","11/09/2019 9:31","11/09/2019 10:00"
"1169","E34","Gato_2019","11/09/2019 9:33","11/09/2019 10:00"
"1170","E34","Gato_2019","11/09/2019 9:45","11/09/2019 10:00"
"1171","E34","Gato_2019","11/09/2019 10:52","11/09/2019 11:00"
"1172","E34","Gato_2019","11/09/2019 11:08","11/09/2019 11:00"
"1173","E34","Gato_2019","11/09/2019 11:30","11/09/2019 12:00"
"1174","E34","Gato_2019","11/09/2019 11:54","11/09/2019 12:00"
"1175","E34","Gato_2019","11/09/2019 13:03","11/09/2019 13:00"
"1176","E34","Gato_2019","11/09/2019 13:10","11/09/2019 13:00"
"1177","E34","Gato_2019","11/09/2019 13:15","11/09/2019 13:00"
"1178","E34","Gato_2019","11/09/2019 14:19","11/09/2019 14:00"
"1179","E34","Gato_2019","11/09/2019 14:51","11/09/2019 15:00"
"1180","E34","Gato_2019","11/09/2019 15:03","11/09/2019 15:00"
"1181","E34","Gato_2019","11/09/2019 16:07","11/09/2019 16:00"
"1182","E34","Gato_2019","11/09/2019 16:16","11/09/2019 16:00"
"1183","E34","Gato_2019","11/09/2019 16:20","11/09/2019 16:00"
"1184","E34","Gato_2019","11/09/2019 16:25","11/09/2019 16:00"
"1185","E34","Gato_2019","11/09/2019 16:43","11/09/2019 17:00"
"1186","E34","Gato_2019","11/09/2019 17:31","11/09/2019 18:00"
"1187","E34","Gato_2019","11/09/2019 18:28","11/09/2019 18:00"
"1188","E34","Gato_2019","11/09/2019 18:33","11/09/2019 19:00"
"1189","E34","Gato_2019","11/09/2019 18:38","11/09/2019 19:00"
"1190","E34","Gato_2019","11/09/2019 18:45","11/09/2019 19:00"
"1191","E34","Gato_2019","11/09/2019 19:06","11/09/2019 19:00"
"1192","E34","Gato_2019","11/09/2019 19:17","11/09/2019 19:00"
"1193","E34","Gato_2019","11/09/2019 19:39","11/09/2019 20:00"
"1194","E34","Gato_2019","11/09/2019 19:55","11/09/2019 20:00"
"1195","E34","Gato_2019","11/09/2019 19:59","11/09/2019 20:00"
"1196","E34","Gato_2019","11/09/2019 21:16","11/09/2019 21:00"
"1197","E34","Gato_2019","11/09/2019 22:11","11/09/2019 22:00"
"1198","E34","Gato_2019","11/09/2019 22:33","11/09/2019 23:00"
"1199","E34","Gato_2019","11/09/2019 22:37","11/09/2019 23:00"
"1200","E34","Gato_2019","11/09/2019 23:22","11/09/2019 23:00"
"1201","E34","Gato_2019","11/09/2019 23:33","12/09/2019 0:00"
"1202","E34","Gato_2019","11/09/2019 23:38","12/09/2019 0:00"
"1203","E34","Gato_2019","12/09/2019 0:32","12/09/2019 1:00"
"1204","E34","Gato_2019","12/09/2019 1:10","12/09/2019 1:00"
"1205","E34","Gato_2019","12/09/2019 1:12","12/09/2019 1:00"
"1206","E34","Gato_2019","12/09/2019 1:15","12/09/2019 1:00"
"1207","E34","Gato_2019","12/09/2019 2:14","12/09/2019 2:00"
"1208","E34","Gato_2019","12/09/2019 3:14","12/09/2019 3:00"
"1209","E34","Gato_2019","12/09/2019 3:51","12/09/2019 4:00"
"1210","E34","Gato_2019","12/09/2019 4:31","12/09/2019 5:00"
"1211","E34","Gato_2019","12/09/2019 8:11","12/09/2019 8:00"
"1212","E34","Gato_2019","12/09/2019 8:52","12/09/2019 9:00"
"1213","E34","Gato_2019","12/09/2019 9:13","12/09/2019 9:00"
"1214","E34","Gato_2019","12/09/2019 10:14","12/09/2019 10:00"
"1215","E34","Gato_2019","12/09/2019 10:50","12/09/2019 11:00"
"1216","E34","Gato_2019","12/09/2019 11:40","12/09/2019 12:00"
"1217","E34","Gato_2019","12/09/2019 11:44","12/09/2019 12:00"
"1218","E34","Gato_2019","12/09/2019 11:48","12/09/2019 12:00"
"1219","E34","Gato_2019","12/09/2019 12:48","12/09/2019 13:00"
"1220","E34","Gato_2019","12/09/2019 13:21","12/09/2019 13:00"
"1221","E34","Gato_2019","12/09/2019 13:58","12/09/2019 14:00"
"1222","E34","Gato_2019","12/09/2019 14:00","12/09/2019 14:00"
"1223","E34","Gato_2019","12/09/2019 14:27","12/09/2019 14:00"
"1224","E34","Gato_2019","12/09/2019 14:35","12/09/2019 15:00"
"1225","E34","Gato_2019","12/09/2019 14:56","12/09/2019 15:00"
"1226","E34","Gato_2019","12/09/2019 15:04","12/09/2019 15:00"
"1227","E34","Gato_2019","12/09/2019 15:11","12/09/2019 15:00"
"1228","E34","Gato_2019","12/09/2019 15:19","12/09/2019 15:00"
"1229","E34","Gato_2019","12/09/2019 15:40","12/09/2019 16:00"
"1230","E34","Gato_2019","12/09/2019 15:42","12/09/2019 16:00"
"1231","E34","Gato_2019","12/09/2019 15:50","12/09/2019 16:00"
"1232","E34","Gato_2019","12/09/2019 16:03","12/09/2019 16:00"
"1233","E34","Gato_2019","12/09/2019 16:46","12/09/2019 17:00"
"1234","E34","Gato_2019","12/09/2019 17:17","12/09/2019 17:00"
"1235","E34","Gato_2019","12/09/2019 17:22","12/09/2019 17:00"
"1236","E34","Gato_2019","12/09/2019 19:19","12/09/2019 19:00"
"1237","E34","Gato_2019","12/09/2019 20:00","12/09/2019 20:00"
"1238","E34","Gato_2019","12/09/2019 20:24","12/09/2019 20:00"
"1239","E34","Gato_2019","12/09/2019 21:08","12/09/2019 21:00"
"1240","E34","Gato_2019","12/09/2019 21:18","12/09/2019 21:00"
"1241","E34","Gato_2019","12/09/2019 21:44","12/09/2019 22:00"
"1242","E34","Gato_2019","12/09/2019 21:59","12/09/2019 22:00"
"1243","E34","Gato_2019","12/09/2019 22:26","12/09/2019 22:00"
"1244","E34","Gato_2019","12/09/2019 22:32","12/09/2019 23:00"
"1245","E34","Gato_2019","12/09/2019 22:35","12/09/2019 23:00"
"1246","E34","Gato_2019","12/09/2019 22:39","12/09/2019 23:00"
"1247","E34","Gato_2019","13/09/2019 1:50","13/09/2019 2:00"
"1248","E34","Gato_2019","13/09/2019 5:01","13/09/2019 5:00"
"1249","E34","Gato_2019","13/09/2019 5:33","13/09/2019 6:00"
"1250","E34","Gato_2019","13/09/2019 5:52","13/09/2019 6:00"
"1251","E34","Gato_2019","13/09/2019 6:15","13/09/2019 6:00"
"1252","E34","Gato_2019","13/09/2019 7:35","13/09/2019 8:00"
"1253","E34","Gato_2019","13/09/2019 9:34","13/09/2019 10:00"
"1254","E34","Gato_2019","13/09/2019 9:49","13/09/2019 10:00"
"1255","E34","Gato_2019","13/09/2019 10:07","13/09/2019 10:00"
"1256","E34","Gato_2019","13/09/2019 12:47","13/09/2019 13:00"
"1257","E34","Gato_2019","13/09/2019 12:57","13/09/2019 13:00"
"1258","E34","Gato_2019","13/09/2019 13:04","13/09/2019 13:00"
"1259","E34","Gato_2019","13/09/2019 13:10","13/09/2019 13:00"
"1260","E34","Gato_2019","13/09/2019 13:13","13/09/2019 13:00"
"1261","E34","Gato_2019","13/09/2019 13:26","13/09/2019 13:00"
"1262","E34","Gato_2019","13/09/2019 13:35","13/09/2019 14:00"
"1263","E34","Gato_2019","13/09/2019 13:48","13/09/2019 14:00"
"1264","E34","Gato_2019","13/09/2019 14:03","13/09/2019 14:00"
"1265","E34","Gato_2019","13/09/2019 14:45","13/09/2019 15:00"
"1266","E34","Gato_2019","13/09/2019 14:52","13/09/2019 15:00"
"1267","E34","Gato_2019","13/09/2019 15:25","13/09/2019 15:00"
"1268","E34","Gato_2019","13/09/2019 16:53","13/09/2019 17:00"
"1269","E34","Gato_2019","13/09/2019 16:59","13/09/2019 17:00"
"1270","E34","Gato_2019","13/09/2019 17:23","13/09/2019 17:00"
"1271","E34","Gato_2019","13/09/2019 17:30","13/09/2019 18:00"
"1272","E34","Gato_2019","13/09/2019 17:54","13/09/2019 18:00"
"1273","E34","Gato_2019","13/09/2019 18:26","13/09/2019 18:00"
"1274","E34","Gato_2019","13/09/2019 18:45","13/09/2019 19:00"
"1275","E34","Gato_2019","13/09/2019 19:14","13/09/2019 19:00"
"1276","E34","Gato_2019","13/09/2019 19:49","13/09/2019 20:00"
"1277","E34","Gato_2019","13/09/2019 19:55","13/09/2019 20:00"
"1278","E34","Gato_2019","13/09/2019 20:00","13/09/2019 20:00"
"1279","E34","Gato_2019","13/09/2019 20:27","13/09/2019 20:00"
"1280","E34","Gato_2019","13/09/2019 20:55","13/09/2019 21:00"
"1281","E34","Gato_2019","13/09/2019 21:29","13/09/2019 21:00"
"1282","E34","Gato_2019","13/09/2019 21:48","13/09/2019 22:00"
"1283","E34","Gato_2019","13/09/2019 22:25","13/09/2019 22:00"
"1284","E34","Gato_2019","13/09/2019 22:51","13/09/2019 23:00"
"1285","E34","Gato_2019","13/09/2019 23:34","14/09/2019 0:00"
"1286","E34","Gato_2019","13/09/2019 23:38","14/09/2019 0:00"
"1287","E34","Gato_2019","13/09/2019 23:53","14/09/2019 0:00"
"1288","E34","Gato_2019","14/09/2019 0:45","14/09/2019 1:00"
"1289","E34","Gato_2019","14/09/2019 1:33","14/09/2019 2:00"
"1290","E34","Gato_2019","14/09/2019 2:36","14/09/2019 3:00"
"1291","E34","Gato_2019","14/09/2019 3:01","14/09/2019 3:00"
"1292","E34","Gato_2019","14/09/2019 5:29","14/09/2019 5:00"
"1293","E34","Gato_2019","14/09/2019 6:17","14/09/2019 6:00"
"1294","E34","Gato_2019","14/09/2019 6:28","14/09/2019 6:00"
"1295","E34","Gato_2019","14/09/2019 7:06","14/09/2019 7:00"
"1296","E34","Gato_2019","14/09/2019 8:02","14/09/2019 8:00"
"1297","E34","Gato_2019","14/09/2019 8:20","14/09/2019 8:00"
"1298","E34","Gato_2019","14/09/2019 8:37","14/09/2019 9:00"
"1299","E34","Gato_2019","14/09/2019 8:42","14/09/2019 9:00"
"1300","E34","Gato_2019","14/09/2019 9:29","14/09/2019 9:00"
"1301","E34","Gato_2019","14/09/2019 10:26","14/09/2019 10:00"
"1302","E34","Gato_2019","14/09/2019 11:55","14/09/2019 12:00"
"1303","E34","Gato_2019","14/09/2019 12:51","14/09/2019 13:00"
"1304","E34","Gato_2019","14/09/2019 13:05","14/09/2019 13:00"
"1305","E34","Gato_2019","14/09/2019 13:18","14/09/2019 13:00"
"1306","E34","Gato_2019","14/09/2019 14:08","14/09/2019 14:00"
"1307","E34","Gato_2019","14/09/2019 14:35","14/09/2019 15:00"
"1308","E34","Gato_2019","14/09/2019 14:41","14/09/2019 15:00"
"1309","E34","Gato_2019","14/09/2019 14:45","14/09/2019 15:00"
"1310","E34","Gato_2019","14/09/2019 15:31","14/09/2019 16:00"
"1311","E34","Gato_2019","14/09/2019 16:58","14/09/2019 17:00"
"1312","E34","Gato_2019","14/09/2019 18:12","14/09/2019 18:00"
"1313","E34","Gato_2019","14/09/2019 18:25","14/09/2019 18:00"
"1314","E34","Gato_2019","14/09/2019 19:08","14/09/2019 19:00"
"1315","E34","Gato_2019","14/09/2019 19:16","14/09/2019 19:00"
"1316","E34","Gato_2019","14/09/2019 19:18","14/09/2019 19:00"
"1317","E34","Gato_2019","14/09/2019 19:21","14/09/2019 19:00"
"1318","E34","Gato_2019","14/09/2019 19:38","14/09/2019 20:00"
"1319","E34","Gato_2019","14/09/2019 20:44","14/09/2019 21:00"
"1320","E34","Gato_2019","14/09/2019 20:56","14/09/2019 21:00"
"1321","E34","Gato_2019","14/09/2019 21:54","14/09/2019 22:00"
"1322","E34","Gato_2019","15/09/2019 0:18","15/09/2019 0:00"
"1323","E34","Gato_2019","15/09/2019 0:37","15/09/2019 1:00"
"1324","E34","Gato_2019","15/09/2019 0:57","15/09/2019 1:00"
"1325","E34","Gato_2019","15/09/2019 4:57","15/09/2019 5:00"
"1326","E34","Gato_2019","15/09/2019 6:14","15/09/2019 6:00"
